# graph=host-workspace	target=x86_64-unknown-linux-gnu	lock_sha256=c4fad3280c3402fc003cc1f3864d13f7650399896f3afe980c595316bcd2994b	external_packages=144
name	version	source	checksum	license	normalized_license	repository	vcs_commit	path_in_vcs	notice_files
adler2	2.0.1	registry+https://github.com/rust-lang/crates.io-index	320119579fcad9c21884f5c4861d16174d0e06250625266f50fe6898340abefa	0BSD OR MIT OR Apache-2.0	0BSD OR MIT OR Apache-2.0	https://github.com/oyvindln/adler2	89a031a0f42eeff31c70dc598b398cbf31f1680f		LICENSE-0BSD@sha256:861399f8c21c042b110517e76dc6b63a2b334276c8cf17412fc3c8908ca8dc17;LICENSE-APACHE@sha256:8ada45cd9f843acf64e4722ae262c622a2b3b3007c7310ef36ac1061a30f6adb;LICENSE-MIT@sha256:23f18e03dc49df91622fe2a76176497404e46ced8a715d9d2b67a7446571cca3
anstream	1.0.0	registry+https://github.com/rust-lang/crates.io-index	824a212faf96e9acacdbd09febd34438f8f711fb84e09a8916013cd7815ca28d	MIT OR Apache-2.0	MIT OR Apache-2.0	https://github.com/rust-cli/anstyle.git	3048fe7820055a6c995170d822e725c62b3d63e1	crates/anstream	LICENSE-APACHE@sha256:c6596eb7be8581c18be736c846fb9173b69eccf6ef94c5135893ec56bd92ba08;LICENSE-MIT@sha256:6efb0476a1cc085077ed49357026d8c173bf33017278ef440f222fb9cbcb66e6
anstyle	1.0.14	registry+https://github.com/rust-lang/crates.io-index	940b3a0ca603d1eade50a4846a2afffd5ef57a9feac2c0e2ec2e14f9ead76000	MIT OR Apache-2.0	MIT OR Apache-2.0	https://github.com/rust-cli/anstyle.git	0fe6f0ff6d52e9f91d4071199bd0b24bd46f3d35	crates/anstyle	LICENSE-APACHE@sha256:c6596eb7be8581c18be736c846fb9173b69eccf6ef94c5135893ec56bd92ba08;LICENSE-MIT@sha256:6efb0476a1cc085077ed49357026d8c173bf33017278ef440f222fb9cbcb66e6
anstyle-parse	1.0.0	registry+https://github.com/rust-lang/crates.io-index	52ce7f38b242319f7cabaa6813055467063ecdc9d355bbb4ce0c68908cd8130e	MIT OR Apache-2.0	MIT OR Apache-2.0	https://github.com/rust-cli/anstyle.git	3048fe7820055a6c995170d822e725c62b3d63e1	crates/anstyle-parse	LICENSE-APACHE@sha256:c6596eb7be8581c18be736c846fb9173b69eccf6ef94c5135893ec56bd92ba08;LICENSE-MIT@sha256:6efb0476a1cc085077ed49357026d8c173bf33017278ef440f222fb9cbcb66e6
anstyle-query	1.1.5	registry+https://github.com/rust-lang/crates.io-index	40c48f72fd53cd289104fc64099abca73db4166ad86ea0b4341abe65af83dadc	MIT OR Apache-2.0	MIT OR Apache-2.0	https://github.com/rust-cli/anstyle.git	368a8719474357f9d54be800b4163c9074561e37	crates/anstyle-query	LICENSE-APACHE@sha256:c6596eb7be8581c18be736c846fb9173b69eccf6ef94c5135893ec56bd92ba08;LICENSE-MIT@sha256:6efb0476a1cc085077ed49357026d8c173bf33017278ef440f222fb9cbcb66e6
anyhow	1.0.104	registry+https://github.com/rust-lang/crates.io-index	330a5ed07fa54e4702c9d6c4174f74427fc0ef6e214bbd677ae50a5099946470	MIT OR Apache-2.0	MIT OR Apache-2.0	https://github.com/dtolnay/anyhow	1dbe1862aae650423e3361fbd20b7d17c5109cc3		LICENSE-APACHE@sha256:62c7a1e35f56406896d7aa7ca52d0cc0d272ac022b5d2796e7d6905db8a3636a;LICENSE-MIT@sha256:23f18e03dc49df91622fe2a76176497404e46ced8a715d9d2b67a7446571cca3
autocfg	1.5.1	registry+https://github.com/rust-lang/crates.io-index	f2032f911046de80f0a198e0901378627c33f59ea0ac00e363d481118bd70a53	Apache-2.0 OR MIT	Apache-2.0 OR MIT	https://github.com/cuviper/autocfg	2799b09c24e6632f8e653c5cd8fc303e85a906ba		LICENSE-APACHE@sha256:a60eea817514531668d7e00765731449fe14d059d3249e0bc93b36de45f759f2;LICENSE-MIT@sha256:27995d58ad5c1145c1a8cd86244ce844886958a35eb2b78c6b772748669999ac
bitflags	2.13.1	registry+https://github.com/rust-lang/crates.io-index	b588b76d00fde79687d7646a9b5bdf3cc0f655e0bbd080335a95d7e96f3587da	MIT OR Apache-2.0	MIT OR Apache-2.0	https://github.com/bitflags/bitflags	f92a2921b41644b02ca5d50a6ace542e309e6a6f		LICENSE-APACHE@sha256:a60eea817514531668d7e00765731449fe14d059d3249e0bc93b36de45f759f2;LICENSE-MIT@sha256:6485b8ed310d3f0340bf1ad1f47645069ce4069dcc6bb46c7d5c6faf41de1fdb
block-buffer	0.10.4	registry+https://github.com/rust-lang/crates.io-index	3078c7629b62d3f0439517fa394996acacc5cbc91c5a20d8c658e77abd503a71	MIT OR Apache-2.0	MIT OR Apache-2.0	https://github.com/RustCrypto/utils	6d35952d3d3b124bc1049ad6fb406b42b1ce4bfe	block-buffer	LICENSE-APACHE@sha256:a9040321c3712d8fd0b09cf52b17445de04a23a10165049ae187cd39e5c86be5;LICENSE-MIT@sha256:d5c22aa3118d240e877ad41c5d9fa232f9c77d757d4aac0c2f943afc0a95e0ef
bytemuck	1.25.2	registry+https://github.com/rust-lang/crates.io-index	95832e849adfb21180ccb6826a99da14e5d266ae5c2e668e1602cf234f153797	Zlib OR Apache-2.0 OR MIT	Zlib OR Apache-2.0 OR MIT	https://github.com/Lokathor/bytemuck	f363643e951a7ac9e4b9921de982f2b0918902e3		LICENSE-APACHE@sha256:e3ba223bb1423f0aad8c3dfce0fe3148db48926d41e6fbc3afbbf5ff9e1c89cb;LICENSE-MIT@sha256:9df9ba60a11af705f2e451b53762686e615d86f76b169cf075c3237730dbd7e2;LICENSE-ZLIB@sha256:84b34dd7608f7fb9b17bd588a6bf392bf7de504e2716f024a77d89f1b145a151
byteorder-lite	0.1.0	registry+https://github.com/rust-lang/crates.io-index	8f1fe948ff07f4bd06c30984e69f5b4899c516a3ef74f34df92a2df2ab535495	Unlicense OR MIT	Unlicense OR MIT	https://github.com/image-rs/byteorder-lite	7d44da06a48fe10d7e23efd9a932d18a7a2def63		LICENSE-MIT@sha256:0f96a83840e146e43c0ec96a22ec1f392e0680e6c1226e6f3ba87e0740af850f
cairo-rs	0.21.5	registry+https://github.com/rust-lang/crates.io-index	b01fe135c0bd16afe262b6dea349bd5ea30e6de50708cec639aae7c5c14cc7e4	MIT	MIT	https://github.com/gtk-rs/gtk-rs-core	8b654067dcac04ebb3c7cce6a7aa5926155776fa	cairo	COPYRIGHT@sha256:dae402989de65164815b7e2b6bc2b9576285434c3785934c8b6ece0fa055960d;LICENSE@sha256:8cf56d10131ce201cf69ab74b111d3ebac1acca3833d7efb39ae357224b70edb
cairo-sys-rs	0.21.5	registry+https://github.com/rust-lang/crates.io-index	06c28280c6b12055b5e39e4554271ae4e6630b27c0da9148c4cf6485fc6d245c	MIT	MIT	https://github.com/gtk-rs/gtk-rs-core	8b654067dcac04ebb3c7cce6a7aa5926155776fa	cairo/sys	LICENSE@sha256:8cf56d10131ce201cf69ab74b111d3ebac1acca3833d7efb39ae357224b70edb
cc	1.4.2	registry+https://github.com/rust-lang/crates.io-index	5d262e149917187838d5b42777c8253bcb64500067342904e7d429499a6f277e	MIT OR Apache-2.0	MIT OR Apache-2.0	https://github.com/rust-lang/cc-rs	a91e05ec40f26d4637d4bff9e9764221d0a59dd8		LICENSE-APACHE@sha256:a60eea817514531668d7e00765731449fe14d059d3249e0bc93b36de45f759f2;LICENSE-MIT@sha256:378f5840b258e2779c39418f3f2d7b2ba96f1c7917dd6be0713f88305dbda397
cfg-expr	0.20.8	registry+https://github.com/rust-lang/crates.io-index	fb693542bcafa528e198be0ebd9d3632ca5b7c93dbe7237460e199910835997c	MIT OR Apache-2.0	MIT OR Apache-2.0	https://github.com/EmbarkStudios/cfg-expr	34880a88586ca64d03cbf3c15e1a1c21ff37e972		LICENSE-APACHE@sha256:8173d5c29b4f956d532781d2b86e4e30f83e6b7878dce18c919451d6ba707c90;LICENSE-MIT@sha256:090a294a492ab2f41388252312a65cf2f0e423330b721a68c6665ac64766753b
cfg-if	1.0.4	registry+https://github.com/rust-lang/crates.io-index	9330f8b2ff13f34540b44e946ef35111825727b38d33286ef986142615121801	MIT OR Apache-2.0	MIT OR Apache-2.0	https://github.com/rust-lang/cfg-if	3510ca6abea34cbbc702509a4e50ea9709925eda		LICENSE-APACHE@sha256:a60eea817514531668d7e00765731449fe14d059d3249e0bc93b36de45f759f2;LICENSE-MIT@sha256:378f5840b258e2779c39418f3f2d7b2ba96f1c7917dd6be0713f88305dbda397
cfg_aliases	0.2.2	registry+https://github.com/rust-lang/crates.io-index	f079e83a288787bcd14a6aea84cee5c87a67c5a3e660c30f557a3d24761b3527	MIT	MIT	https://github.com/katharostech/cfg_aliases	e069ce61e00fee423ac1dbe6a897f228f1774716		LICENSE@sha256:31b94860253d8ec7b4529f51901044d3b459d6292d996504a36b1bae3a36a812;NOTICES.md@sha256:1e2b7ade3fb228130408b9990cae6a7618eb314c75aa0b164bfe485d9d9756ee
chrono	0.4.45	registry+https://github.com/rust-lang/crates.io-index	1aa79e62e7697b8e29b513a68abacf485adcd1fe8284a4316c5ae868e6633327	MIT OR Apache-2.0	MIT OR Apache-2.0	https://github.com/chronotope/chrono	170338250e836976a211e64728ec956e45e78a39		LICENSE.txt@sha256:946c9835d8034d24404f8cfec5f4654cee5dad17e944afc3d06d742cf2882831
clap	4.6.6	registry+https://github.com/rust-lang/crates.io-index	473c7e07f409a8d772161724aa8db6a765a2532a70f9667eeb7b49d3d02fbdca	MIT OR Apache-2.0	MIT OR Apache-2.0	https://github.com/clap-rs/clap	4a622b4340d5e1fffff60c0ecefdc6882f738159		LICENSE-APACHE@sha256:c6596eb7be8581c18be736c846fb9173b69eccf6ef94c5135893ec56bd92ba08;LICENSE-MIT@sha256:6efb0476a1cc085077ed49357026d8c173bf33017278ef440f222fb9cbcb66e6
clap_builder	4.6.6	registry+https://github.com/rust-lang/crates.io-index	7b48fea5a88e9ae728a2dcbedbfc0e730f7d60da42e1cb049a83c9fb8b789889	MIT OR Apache-2.0	MIT OR Apache-2.0	https://github.com/clap-rs/clap	4a622b4340d5e1fffff60c0ecefdc6882f738159	clap_builder	LICENSE-APACHE@sha256:c6596eb7be8581c18be736c846fb9173b69eccf6ef94c5135893ec56bd92ba08;LICENSE-MIT@sha256:6efb0476a1cc085077ed49357026d8c173bf33017278ef440f222fb9cbcb66e6
clap_derive	4.6.4	registry+https://github.com/rust-lang/crates.io-index	d012d2b9d65aca7f18f4d9878a045bc17899bba951561ba5ec3c2ba1eed9a061	MIT OR Apache-2.0	MIT OR Apache-2.0	https://github.com/clap-rs/clap	466b2be56c5811d1af62c407f5a00456350ece62	clap_derive	LICENSE-APACHE@sha256:c6596eb7be8581c18be736c846fb9173b69eccf6ef94c5135893ec56bd92ba08;LICENSE-MIT@sha256:6efb0476a1cc085077ed49357026d8c173bf33017278ef440f222fb9cbcb66e6
clap_lex	1.1.0	registry+https://github.com/rust-lang/crates.io-index	c8d4a3bb8b1e0c1050499d1815f5ab16d04f0959b233085fb31653fbfc9d98f9	MIT OR Apache-2.0	MIT OR Apache-2.0	https://github.com/clap-rs/clap	9ab6dee710aa384e02ec5e9e2cfeadb2f35abf2a	clap_lex	LICENSE-APACHE@sha256:c6596eb7be8581c18be736c846fb9173b69eccf6ef94c5135893ec56bd92ba08;LICENSE-MIT@sha256:6efb0476a1cc085077ed49357026d8c173bf33017278ef440f222fb9cbcb66e6
colorchoice	1.0.5	registry+https://github.com/rust-lang/crates.io-index	1d07550c9036bf2ae0c684c4297d503f838287c83c53686d05370d0e139ae570	MIT OR Apache-2.0	MIT OR Apache-2.0	https://github.com/rust-cli/anstyle.git	0fe6f0ff6d52e9f91d4071199bd0b24bd46f3d35	crates/colorchoice	LICENSE-APACHE@sha256:c6596eb7be8581c18be736c846fb9173b69eccf6ef94c5135893ec56bd92ba08;LICENSE-MIT@sha256:6efb0476a1cc085077ed49357026d8c173bf33017278ef440f222fb9cbcb66e6
cpufeatures	0.2.17	registry+https://github.com/rust-lang/crates.io-index	59ed5838eebb26a2bb2e58f6d5b5316989ae9d08bab10e0e6d103e656d1b0280	MIT OR Apache-2.0	MIT OR Apache-2.0	https://github.com/RustCrypto/utils	9d92d5e95ab4c07c5d8bfd024bf2a17e96d20feb	cpufeatures	LICENSE-APACHE@sha256:a9040321c3712d8fd0b09cf52b17445de04a23a10165049ae187cd39e5c86be5;LICENSE-MIT@sha256:ae9baa7beea910273c2f384c2a6b721fb7bd02bda3436074a1072e4ee689f985
crc32fast	1.5.0	registry+https://github.com/rust-lang/crates.io-index	9481c1c90cbf2ac953f07c8d4a58aa3945c425b7185c9154d67a65e4230da511	MIT OR Apache-2.0	MIT OR Apache-2.0	https://github.com/srijs/rust-crc32fast	dbf4f76cd71cdcc57d9164cbd46890d53ce0423c		LICENSE-APACHE@sha256:c6596eb7be8581c18be736c846fb9173b69eccf6ef94c5135893ec56bd92ba08;LICENSE-MIT@sha256:61d383b05b87d78f94d2937e2580cce47226d17823c0430fbcad09596537efcf
crypto-common	0.1.7	registry+https://github.com/rust-lang/crates.io-index	78c8292055d1c1df0cce5d180393dc8cce0abec0a7102adb6c7b1eef6016d60a	MIT OR Apache-2.0	MIT OR Apache-2.0	https://github.com/RustCrypto/traits	66a997ccf5776ce873da5a48e2885a9908e940f6	crypto-common	LICENSE-APACHE@sha256:a9040321c3712d8fd0b09cf52b17445de04a23a10165049ae187cd39e5c86be5;LICENSE-MIT@sha256:3521672491a3479422d5fe1aca6645dd2984090f85da6e5205abfb18fb7a6897
digest	0.10.7	registry+https://github.com/rust-lang/crates.io-index	9ed9a281f7bc9b7576e61468ba615a66a5c8cfdff42420a70aa82701a3b1e292	MIT OR Apache-2.0	MIT OR Apache-2.0	https://github.com/RustCrypto/traits	344389411fd9718a0742435152e933a9e71461ee	digest	LICENSE-APACHE@sha256:a9040321c3712d8fd0b09cf52b17445de04a23a10165049ae187cd39e5c86be5;LICENSE-MIT@sha256:9e0dfd2dd4173a530e238cb6adb37aa78c34c6bc7444e0e10c1ab5d8881f63ba
downcast-rs	1.2.1	registry+https://github.com/rust-lang/crates.io-index	75b325c5dbd37f80359721ad39aca5a29fb04c89279657cffdda8736d0c0b9d2	MIT/Apache-2.0	MIT OR Apache-2.0	https://github.com/marcianx/downcast-rs	c4c48bad50482df2544115ba971acfd5916e6140		LICENSE-APACHE@sha256:8173d5c29b4f956d532781d2b86e4e30f83e6b7878dce18c919451d6ba707c90;LICENSE-MIT@sha256:fb252fecf98d9af8f1d9201c5860319a514f5a8a24700dc84fc6ea287a7a4958
equivalent	1.0.2	registry+https://github.com/rust-lang/crates.io-index	877a4ace8713b0bcf2a4e7eec82529c029f1d0619886d18145fea96c3ffe5c0f	Apache-2.0 OR MIT	Apache-2.0 OR MIT	https://github.com/indexmap-rs/equivalent	44cdd44f8b8ebb5f9ae096c7550a5e74ffb7d6ae		LICENSE-APACHE@sha256:a60eea817514531668d7e00765731449fe14d059d3249e0bc93b36de45f759f2;LICENSE-MIT@sha256:7365cc8878a1d7ce155a58c4ca09c3d7a6be413efa5334a80ea842912b669349
fastrand	2.5.0	registry+https://github.com/rust-lang/crates.io-index	da7c62ceae207dd37ea5b845da6a0696c799f85e97da1ab5b7910be3c1c80223	Apache-2.0 OR MIT	Apache-2.0 OR MIT	https://github.com/smol-rs/fastrand	7a1cc2c69ebde6cb3442809213db3fe19a2cb0ba		LICENSE-APACHE@sha256:a60eea817514531668d7e00765731449fe14d059d3249e0bc93b36de45f759f2;LICENSE-MIT@sha256:23f18e03dc49df91622fe2a76176497404e46ced8a715d9d2b67a7446571cca3
fax	0.2.7	registry+https://github.com/rust-lang/crates.io-index	caf1079563223d5d59d83c85886a56e586cfd5c1a26292e971a0fa266531ac5a	MIT	MIT	https://github.com/pdf-rs/fax	ac2a4b2237d98830ea1fd37c7d280eec0e87c1d8		LICENSE@sha256:7101390b4c8edd752f4c0de47f35d61b44d9cf0ee8dd032115e25644e277cfff
fdeflate	0.3.7	registry+https://github.com/rust-lang/crates.io-index	1e6853b52649d4ac5c0bd02320cddc5ba956bdb407c4b75a2c6b75bf51500f8c	MIT OR Apache-2.0	MIT OR Apache-2.0	https://github.com/image-rs/fdeflate	c365c7e6ffa81feb2e1fb762eed7299f05c9b0ca		LICENSE-APACHE@sha256:0d542e0c8804e39aa7f37eb00da5a762149dc682d7829451287e11b938e94594;LICENSE-MIT@sha256:c77a4cf9da729987d0fe7ccd811e3bd27393914ddf3d23467c18cc22954513b3
field-offset	0.3.6	registry+https://github.com/rust-lang/crates.io-index	38e2275cc4e4fc009b0669731a1e5ab7ebf11f469eaede2bab9309a5b4d6057f	MIT OR Apache-2.0	MIT OR Apache-2.0	https://github.com/Diggsey/rust-field-offset	95b242e2bd69b7dec41cdd82b780232fcbba15ca		LICENSE-APACHE@sha256:a6cba85bc92e0cff7a450b1d873c0eaa2e9fc96bf472df0247a26bec77bf3ff9;LICENSE-MIT@sha256:9dd44491b4cf95dcfa2963943b3ae91bff9a78d13049a9e0b53e0d0b0a9c8f4e
filetime	0.2.29	registry+https://github.com/rust-lang/crates.io-index	5c287a33c7f0a620c38e641e7f60827713987b3c0f26e8ddc9462cc69cf75759	MIT/Apache-2.0	MIT OR Apache-2.0	https://github.com/alexcrichton/filetime	ab5ee65b5e4fe2de19dbe7d4fe08bc31e945949c		LICENSE-APACHE@sha256:a60eea817514531668d7e00765731449fe14d059d3249e0bc93b36de45f759f2;LICENSE-MIT@sha256:378f5840b258e2779c39418f3f2d7b2ba96f1c7917dd6be0713f88305dbda397
find-msvc-tools	0.1.10	registry+https://github.com/rust-lang/crates.io-index	26b73573e6edcd2af0cdf47bd6cb58f0b3839491263c314eaad1ccf24430e1de	MIT OR Apache-2.0	MIT OR Apache-2.0	https://github.com/rust-lang/cc-rs	b27570c6644e4f5a43ea4561878a80ea334c5a14	find-msvc-tools	LICENSE-APACHE@sha256:a60eea817514531668d7e00765731449fe14d059d3249e0bc93b36de45f759f2;LICENSE-MIT@sha256:378f5840b258e2779c39418f3f2d7b2ba96f1c7917dd6be0713f88305dbda397
flate2	1.1.9	registry+https://github.com/rust-lang/crates.io-index	843fba2746e448b37e26a819579957415c8cef339bf08564fe8b7ddbd959573c	MIT OR Apache-2.0	MIT OR Apache-2.0	https://github.com/rust-lang/flate2-rs	19ddb18bf11199858fbc6504d079448fafd1606e		LICENSE-APACHE@sha256:a60eea817514531668d7e00765731449fe14d059d3249e0bc93b36de45f759f2;LICENSE-MIT@sha256:025436edff4cfcdde17a5811fdea78892d8482efd1abdec5a17872d07a4f2112
fs2	0.4.3	registry+https://github.com/rust-lang/crates.io-index	9564fc758e15025b46aa6643b1b77d047d1a56a1aea6e01002ac0c7026876213	MIT/Apache-2.0	MIT OR Apache-2.0	https://github.com/danburkert/fs2-rs			LICENSE-APACHE@sha256:a60eea817514531668d7e00765731449fe14d059d3249e0bc93b36de45f759f2;LICENSE-MIT@sha256:7b63ecd5f1902af1b63729947373683c32745c16a10e8e6292e2e2dcd7e90ae0
futures-channel	0.3.33	registry+https://github.com/rust-lang/crates.io-index	262590f4fe6afeb0bc83be1daa64e52657fe185690a958af7f3ad0e92085c5ae	MIT OR Apache-2.0	MIT OR Apache-2.0	https://github.com/rust-lang/futures-rs	89cc254cb8bfcc78e6a31e7711d0757f97bcb531	futures-channel	LICENSE-APACHE@sha256:275c491d6d1160553c32fd6127061d7f9606c3ea25abfad6ca3f6ed088785427;LICENSE-MIT@sha256:6652c868f35dfe5e8ef636810a4e576b9d663f3a17fb0f5613ad73583e1b88fd
futures-core	0.3.33	registry+https://github.com/rust-lang/crates.io-index	2cd50c473c80f6d7c3670a752354b8e569b1a7cbfdc0419ec88e5edad85e0dc7	MIT OR Apache-2.0	MIT OR Apache-2.0	https://github.com/rust-lang/futures-rs	89cc254cb8bfcc78e6a31e7711d0757f97bcb531	futures-core	LICENSE-APACHE@sha256:275c491d6d1160553c32fd6127061d7f9606c3ea25abfad6ca3f6ed088785427;LICENSE-MIT@sha256:6652c868f35dfe5e8ef636810a4e576b9d663f3a17fb0f5613ad73583e1b88fd
futures-executor	0.3.33	registry+https://github.com/rust-lang/crates.io-index	6754879cc9f2c66f88c6e5c35344bb0bdb0708b0352b1201815667c7eabc7458	MIT OR Apache-2.0	MIT OR Apache-2.0	https://github.com/rust-lang/futures-rs	89cc254cb8bfcc78e6a31e7711d0757f97bcb531	futures-executor	LICENSE-APACHE@sha256:275c491d6d1160553c32fd6127061d7f9606c3ea25abfad6ca3f6ed088785427;LICENSE-MIT@sha256:6652c868f35dfe5e8ef636810a4e576b9d663f3a17fb0f5613ad73583e1b88fd
futures-io	0.3.33	registry+https://github.com/rust-lang/crates.io-index	4577ecaa3c4f96589d473f679a71b596316f6641bc350038b962a5daf0085d7a	MIT OR Apache-2.0	MIT OR Apache-2.0	https://github.com/rust-lang/futures-rs	89cc254cb8bfcc78e6a31e7711d0757f97bcb531	futures-io	LICENSE-APACHE@sha256:275c491d6d1160553c32fd6127061d7f9606c3ea25abfad6ca3f6ed088785427;LICENSE-MIT@sha256:6652c868f35dfe5e8ef636810a4e576b9d663f3a17fb0f5613ad73583e1b88fd
futures-macro	0.3.33	registry+https://github.com/rust-lang/crates.io-index	2d6d3cde68c518367be28956066ddfef33813991b77a55005a69dae04bf3b10b	MIT OR Apache-2.0	MIT OR Apache-2.0	https://github.com/rust-lang/futures-rs	89cc254cb8bfcc78e6a31e7711d0757f97bcb531	futures-macro	LICENSE-APACHE@sha256:275c491d6d1160553c32fd6127061d7f9606c3ea25abfad6ca3f6ed088785427;LICENSE-MIT@sha256:6652c868f35dfe5e8ef636810a4e576b9d663f3a17fb0f5613ad73583e1b88fd
futures-task	0.3.33	registry+https://github.com/rust-lang/crates.io-index	b231ed28831efb4a61a08580c4bc233ec56bc009f4cd8f52da2c3cb97df0c109	MIT OR Apache-2.0	MIT OR Apache-2.0	https://github.com/rust-lang/futures-rs	89cc254cb8bfcc78e6a31e7711d0757f97bcb531	futures-task	LICENSE-APACHE@sha256:275c491d6d1160553c32fd6127061d7f9606c3ea25abfad6ca3f6ed088785427;LICENSE-MIT@sha256:6652c868f35dfe5e8ef636810a4e576b9d663f3a17fb0f5613ad73583e1b88fd
futures-util	0.3.33	registry+https://github.com/rust-lang/crates.io-index	a77a90a256fce34da66415271e30f94ee91c57b04b8a2c042d9cf3220179deaa	MIT OR Apache-2.0	MIT OR Apache-2.0	https://github.com/rust-lang/futures-rs	89cc254cb8bfcc78e6a31e7711d0757f97bcb531	futures-util	LICENSE-APACHE@sha256:275c491d6d1160553c32fd6127061d7f9606c3ea25abfad6ca3f6ed088785427;LICENSE-MIT@sha256:6652c868f35dfe5e8ef636810a4e576b9d663f3a17fb0f5613ad73583e1b88fd
gdk-pixbuf	0.21.5	registry+https://github.com/rust-lang/crates.io-index	debb0d39e3cdd84626edfd54d6e4a6ba2da9a0ef2e796e691c4e9f8646fda00c	MIT	MIT	https://github.com/gtk-rs/gtk-rs-core	8b654067dcac04ebb3c7cce6a7aa5926155776fa	gdk-pixbuf	COPYRIGHT@sha256:dae402989de65164815b7e2b6bc2b9576285434c3785934c8b6ece0fa055960d;LICENSE@sha256:8cf56d10131ce201cf69ab74b111d3ebac1acca3833d7efb39ae357224b70edb
gdk-pixbuf-sys	0.21.5	registry+https://github.com/rust-lang/crates.io-index	bd95ad50b9a3d2551e25dd4f6892aff0b772fe5372d84514e9d0583af60a0ce7	MIT	MIT	https://github.com/gtk-rs/gtk-rs-core	8b654067dcac04ebb3c7cce6a7aa5926155776fa	gdk-pixbuf/sys	LICENSE@sha256:8cf56d10131ce201cf69ab74b111d3ebac1acca3833d7efb39ae357224b70edb
gdk4	0.10.3	registry+https://github.com/rust-lang/crates.io-index	756564212bbe4a4ce05d88ffbd2582581ac6003832d0d32822d0825cca84bfbf	MIT	MIT	https://github.com/gtk-rs/gtk4-rs	ceeaddfd20bbba8acceafba1abf6c7c850273f4c	gdk4	COPYRIGHT@sha256:dae402989de65164815b7e2b6bc2b9576285434c3785934c8b6ece0fa055960d;LICENSE@sha256:8cf56d10131ce201cf69ab74b111d3ebac1acca3833d7efb39ae357224b70edb
gdk4-sys	0.10.3	registry+https://github.com/rust-lang/crates.io-index	a6d4e5b3ccf591826a4adcc83f5f57b4e59d1925cb4bf620b0d645f79498b034	MIT	MIT	https://github.com/gtk-rs/gtk4-rs	ceeaddfd20bbba8acceafba1abf6c7c850273f4c	gdk4/sys	LICENSE@sha256:8cf56d10131ce201cf69ab74b111d3ebac1acca3833d7efb39ae357224b70edb
generic-array	0.14.7	registry+https://github.com/rust-lang/crates.io-index	85649ca51fd72272d7821adaf274ad91c288277713d9c18820d8499a7ff69e9a	MIT	MIT	https://github.com/fizyk20/generic-array.git	1397d2bb40c406901b7827161b73b34b056cbe3a		LICENSE@sha256:c09aae9d3c77b531f56351a9947bc7446511d6b025b3255312d3e3442a9a7583
getrandom	0.4.3	registry+https://github.com/rust-lang/crates.io-index	300e883d756b2e4ec94e02791f39b04b522276138852cfc41d9fb7e904106099	MIT OR Apache-2.0	MIT OR Apache-2.0	https://github.com/rust-random/getrandom	5e7cd5733536844a9856dc7259bd4696bbe5e3ae		LICENSE-APACHE@sha256:aaff376532ea30a0cd5330b9502ad4a4c8bf769c539c87ffe78819d188a18ebf;LICENSE-MIT@sha256:523a42c25d245dde9c015f882cec7f4555aad883382a6cf19b4b7d9b2cd5419b
gio	0.21.5	registry+https://github.com/rust-lang/crates.io-index	c5ff48bf600c68b476e61dc6b7c762f2f4eb91deef66583ba8bb815c30b5811a	MIT	MIT	https://github.com/gtk-rs/gtk-rs-core	8b654067dcac04ebb3c7cce6a7aa5926155776fa	gio	COPYRIGHT@sha256:dae402989de65164815b7e2b6bc2b9576285434c3785934c8b6ece0fa055960d;LICENSE@sha256:8cf56d10131ce201cf69ab74b111d3ebac1acca3833d7efb39ae357224b70edb
gio-sys	0.21.5	registry+https://github.com/rust-lang/crates.io-index	0071fe88dba8e40086c8ff9bbb62622999f49628344b1d1bf490a48a29d80f22	MIT	MIT	https://github.com/gtk-rs/gtk-rs-core	8b654067dcac04ebb3c7cce6a7aa5926155776fa	gio/sys	LICENSE@sha256:8cf56d10131ce201cf69ab74b111d3ebac1acca3833d7efb39ae357224b70edb
glib	0.21.5	registry+https://github.com/rust-lang/crates.io-index	16de123c2e6c90ce3b573b7330de19be649080ec612033d397d72da265f1bd8b	MIT	MIT	https://github.com/gtk-rs/gtk-rs-core	8b654067dcac04ebb3c7cce6a7aa5926155776fa	glib	COPYRIGHT@sha256:dae402989de65164815b7e2b6bc2b9576285434c3785934c8b6ece0fa055960d;LICENSE@sha256:8cf56d10131ce201cf69ab74b111d3ebac1acca3833d7efb39ae357224b70edb
glib-macros	0.21.5	registry+https://github.com/rust-lang/crates.io-index	cf59b675301228a696fe01c3073974643365080a76cc3ed5bc2cbc466ad87f17	MIT	MIT	https://github.com/gtk-rs/gtk-rs-core	8b654067dcac04ebb3c7cce6a7aa5926155776fa	glib-macros	COPYRIGHT@sha256:dae402989de65164815b7e2b6bc2b9576285434c3785934c8b6ece0fa055960d;LICENSE@sha256:8cf56d10131ce201cf69ab74b111d3ebac1acca3833d7efb39ae357224b70edb
glib-sys	0.21.5	registry+https://github.com/rust-lang/crates.io-index	2d95e1a3a19ae464a7286e14af9a90683c64d70c02532d88d87ce95056af3e6c	MIT	MIT	https://github.com/gtk-rs/gtk-rs-core	8b654067dcac04ebb3c7cce6a7aa5926155776fa	glib/sys	LICENSE@sha256:8cf56d10131ce201cf69ab74b111d3ebac1acca3833d7efb39ae357224b70edb
gobject-sys	0.21.5	registry+https://github.com/rust-lang/crates.io-index	2dca35da0d19a18f4575f3cb99fe1c9e029a2941af5662f326f738a21edaf294	MIT	MIT	https://github.com/gtk-rs/gtk-rs-core	8b654067dcac04ebb3c7cce6a7aa5926155776fa	glib/gobject-sys	LICENSE@sha256:8cf56d10131ce201cf69ab74b111d3ebac1acca3833d7efb39ae357224b70edb
graphene-rs	0.21.5	registry+https://github.com/rust-lang/crates.io-index	2730030ac9db663fd8bfe1e7093742c1cafb92db9c315c9417c29032341fe2f9	MIT	MIT	https://github.com/gtk-rs/gtk-rs-core	8b654067dcac04ebb3c7cce6a7aa5926155776fa	graphene	COPYRIGHT@sha256:dae402989de65164815b7e2b6bc2b9576285434c3785934c8b6ece0fa055960d;LICENSE@sha256:8cf56d10131ce201cf69ab74b111d3ebac1acca3833d7efb39ae357224b70edb
graphene-sys	0.21.5	registry+https://github.com/rust-lang/crates.io-index	915e32091ea9ad241e4b044af62b7351c2d68aeb24f489a0d7f37a0fc484fd93	MIT	MIT	https://github.com/gtk-rs/gtk-rs-core	8b654067dcac04ebb3c7cce6a7aa5926155776fa	graphene/sys	LICENSE@sha256:8cf56d10131ce201cf69ab74b111d3ebac1acca3833d7efb39ae357224b70edb
gsk4	0.10.3	registry+https://github.com/rust-lang/crates.io-index	e755de9d8c5896c5beaa028b89e1969d067f1b9bf1511384ede971f5983aa153	MIT	MIT	https://github.com/gtk-rs/gtk4-rs	ceeaddfd20bbba8acceafba1abf6c7c850273f4c	gsk4	COPYRIGHT@sha256:dae402989de65164815b7e2b6bc2b9576285434c3785934c8b6ece0fa055960d;LICENSE@sha256:8cf56d10131ce201cf69ab74b111d3ebac1acca3833d7efb39ae357224b70edb
gsk4-sys	0.10.3	registry+https://github.com/rust-lang/crates.io-index	7ce91472391146f482065f1041876d8f869057b195b95399414caa163d72f4f7	MIT	MIT	https://github.com/gtk-rs/gtk4-rs	ceeaddfd20bbba8acceafba1abf6c7c850273f4c	gsk4/sys	LICENSE@sha256:8cf56d10131ce201cf69ab74b111d3ebac1acca3833d7efb39ae357224b70edb
gtk4	0.10.3	registry+https://github.com/rust-lang/crates.io-index	acb21d53cfc6f7bfaf43549731c43b67ca47d87348d81c8cfc4dcdd44828e1a4	MIT	MIT	https://github.com/gtk-rs/gtk4-rs	ceeaddfd20bbba8acceafba1abf6c7c850273f4c	gtk4	COPYRIGHT@sha256:dae402989de65164815b7e2b6bc2b9576285434c3785934c8b6ece0fa055960d;LICENSE@sha256:8cf56d10131ce201cf69ab74b111d3ebac1acca3833d7efb39ae357224b70edb
gtk4-macros	0.10.3	registry+https://github.com/rust-lang/crates.io-index	3ccfb5a14a3d941244815d5f8101fa12d4577b59cc47245778d8d907b0003e42	MIT	MIT	https://github.com/gtk-rs/gtk4-rs	ceeaddfd20bbba8acceafba1abf6c7c850273f4c	gtk4-macros	COPYRIGHT@sha256:dae402989de65164815b7e2b6bc2b9576285434c3785934c8b6ece0fa055960d;LICENSE@sha256:8cf56d10131ce201cf69ab74b111d3ebac1acca3833d7efb39ae357224b70edb
gtk4-sys	0.10.3	registry+https://github.com/rust-lang/crates.io-index	842577fe5a1ee15d166cd3afe804ce0cab6173bc789ca32e21308834f20088dd	MIT	MIT	https://github.com/gtk-rs/gtk4-rs	ceeaddfd20bbba8acceafba1abf6c7c850273f4c	gtk4/sys	LICENSE@sha256:8cf56d10131ce201cf69ab74b111d3ebac1acca3833d7efb39ae357224b70edb
half	2.7.1	registry+https://github.com/rust-lang/crates.io-index	6ea2d84b969582b4b1864a92dc5d27cd2b77b622a8d79306834f1be5ba20d84b	MIT OR Apache-2.0	MIT OR Apache-2.0	https://github.com/VoidStarKat/half-rs	8cc891f3e4aad956eca7fa79b1f42f87ecd141ae		LICENSE-APACHE@sha256:a6cba85bc92e0cff7a450b1d873c0eaa2e9fc96bf472df0247a26bec77bf3ff9;LICENSE-MIT@sha256:508a77d2e7b51d98adeed32648ad124b7b30241a8e70b2e72c99f92d8e5874d1
hashbrown	0.17.1	registry+https://github.com/rust-lang/crates.io-index	ed5909b6e89a2db4456e54cd5f673791d7eca6732202bbf2a9cc504fe2f9b84a	MIT OR Apache-2.0	MIT OR Apache-2.0	https://github.com/rust-lang/hashbrown	c62a63a61b7caf2de8f9ecb7b06a66b0ab6bdf3d		LICENSE-APACHE@sha256:a60eea817514531668d7e00765731449fe14d059d3249e0bc93b36de45f759f2;LICENSE-MIT@sha256:ff8f68cb076caf8cefe7a6430d4ac086ce6af2ca8ce2c4e5a2004d4552ef52a2
heck	0.5.0	registry+https://github.com/rust-lang/crates.io-index	2304e00983f87ffb38b55b444b5e3b60a884b5d30c0fca7d82fe33449bbe55ea	MIT OR Apache-2.0	MIT OR Apache-2.0	https://github.com/withoutboats/heck	070693322aee7c5c7fbee7c9964bf8d7d3a29c96		LICENSE-APACHE@sha256:a60eea817514531668d7e00765731449fe14d059d3249e0bc93b36de45f759f2;LICENSE-MIT@sha256:7b63ecd5f1902af1b63729947373683c32745c16a10e8e6292e2e2dcd7e90ae0
iana-time-zone	0.1.65	registry+https://github.com/rust-lang/crates.io-index	e31bc9ad994ba00e440a8aa5c9ef0ec67d5cb5e5cb0cc7f8b744a35b389cc470	MIT OR Apache-2.0	MIT OR Apache-2.0	https://github.com/strawlab/iana-time-zone	3726968181ae67d95c8de2f750a95b9c703ae4c8		LICENSE-APACHE@sha256:696759d65dfe558ff7d9f031c76db19ec5c0767470fb67c4e8d990820d1e99c9;LICENSE-MIT@sha256:da28ccc6b158fc2d8cccc74e99794b1cff1d29bd7bbeb019442fcf0c04c6cad9
image	0.25.8	registry+https://github.com/rust-lang/crates.io-index	529feb3e6769d234375c4cf1ee2ce713682b8e76538cb13f9fc23e1400a591e7	MIT OR Apache-2.0	MIT OR Apache-2.0	https://github.com/image-rs/image	98b001da0ddcd91936a716696fba877df910b61d		LICENSE-APACHE@sha256:0d542e0c8804e39aa7f37eb00da5a762149dc682d7829451287e11b938e94594;LICENSE-MIT@sha256:c77a4cf9da729987d0fe7ccd811e3bd27393914ddf3d23467c18cc22954513b3
image-webp	0.2.4	registry+https://github.com/rust-lang/crates.io-index	525e9ff3e1a4be2fbea1fdf0e98686a6d98b4d8f937e1bf7402245af1909e8c3	MIT OR Apache-2.0	MIT OR Apache-2.0	https://github.com/image-rs/image-webp	08b57d473c90148dd4b37a075df365afc3dfcc2b		LICENSE-APACHE@sha256:0d542e0c8804e39aa7f37eb00da5a762149dc682d7829451287e11b938e94594;LICENSE-MIT@sha256:c77a4cf9da729987d0fe7ccd811e3bd27393914ddf3d23467c18cc22954513b3
indexmap	2.14.0	registry+https://github.com/rust-lang/crates.io-index	d466e9454f08e4a911e14806c24e16fba1b4c121d1ea474396f396069cf949d9	Apache-2.0 OR MIT	Apache-2.0 OR MIT	https://github.com/indexmap-rs/indexmap	bcd165baeb12bdf6e57a31d9869e9839e25679c6		LICENSE-APACHE@sha256:a60eea817514531668d7e00765731449fe14d059d3249e0bc93b36de45f759f2;LICENSE-MIT@sha256:ecc269ef87fd38a1d98e30bfac9ba964a9dbd9315c3770fed98d4d7cb5882055
is_terminal_polyfill	1.70.2	registry+https://github.com/rust-lang/crates.io-index	a6cb138bb79a146c1bd460005623e142ef0181e3d0219cb493e02f7d08a35695	MIT OR Apache-2.0	MIT OR Apache-2.0	https://github.com/polyfill-rs/is_terminal_polyfill	9ed4c24ea4e9202cb38a6564368252ed35197a08		LICENSE-APACHE@sha256:c6596eb7be8581c18be736c846fb9173b69eccf6ef94c5135893ec56bd92ba08;LICENSE-MIT@sha256:6efb0476a1cc085077ed49357026d8c173bf33017278ef440f222fb9cbcb66e6
itoa	1.0.18	registry+https://github.com/rust-lang/crates.io-index	8f42a60cbdf9a97f5d2305f08a87dc4e09308d1276d28c869c684d7777685682	MIT OR Apache-2.0	MIT OR Apache-2.0	https://github.com/dtolnay/itoa	af77385d0daf4d0e949e81f2588be2e44f69f086		LICENSE-APACHE@sha256:62c7a1e35f56406896d7aa7ca52d0cc0d272ac022b5d2796e7d6905db8a3636a;LICENSE-MIT@sha256:23f18e03dc49df91622fe2a76176497404e46ced8a715d9d2b67a7446571cca3
jobserver	0.1.35	registry+https://github.com/rust-lang/crates.io-index	1c00acbd29eabad4a2392fa0e921c874934dbbf4194312ad20f04a0ed67a3cb3	MIT OR Apache-2.0	MIT OR Apache-2.0	https://github.com/rust-lang/jobserver-rs	85ba04e3cf89e5c10e7b82de69f6be6dff9d3ec3		LICENSE-APACHE@sha256:a60eea817514531668d7e00765731449fe14d059d3249e0bc93b36de45f759f2;LICENSE-MIT@sha256:378f5840b258e2779c39418f3f2d7b2ba96f1c7917dd6be0713f88305dbda397
libc	0.2.189	registry+https://github.com/rust-lang/crates.io-index	3eaf3ede3fee6db1a4c2ee091bf8a8b4dccdc6d17f656fb07896ee72867612f2	MIT OR Apache-2.0	MIT OR Apache-2.0	https://github.com/rust-lang/libc	ef0906e20828777175f65caa7e681a0ce33c559a		LICENSE-APACHE@sha256:62c7a1e35f56406896d7aa7ca52d0cc0d272ac022b5d2796e7d6905db8a3636a;LICENSE-MIT@sha256:123a331b5dbf04c30097fa43b8f858bc85df671fe776de498d01f3d6b7c1f69e
linux-raw-sys	0.12.1	registry+https://github.com/rust-lang/crates.io-index	32a66949e030da00e8c7d4434b251670a91556f4144941d37452769c25d58a53	Apache-2.0 WITH LLVM-exception OR Apache-2.0 OR MIT	Apache-2.0 WITH LLVM-exception OR Apache-2.0 OR MIT	https://github.com/sunfishcode/linux-raw-sys	0e2918cf3e366d9c923d4ca05f169b49d826db56		COPYRIGHT@sha256:3290ae0fbc9ddb77d2239121d710f0bb9d31b3b4744e6d97fe01e652b4c1870b;LICENSE-APACHE@sha256:a60eea817514531668d7e00765731449fe14d059d3249e0bc93b36de45f759f2;LICENSE-Apache-2.0_WITH_LLVM-exception@sha256:268872b9816f90fd8e85db5a28d33f8150ebb8dd016653fb39ef1f94f2686bc5;LICENSE-MIT@sha256:23f18e03dc49df91622fe2a76176497404e46ced8a715d9d2b67a7446571cca3
memchr	2.8.3	registry+https://github.com/rust-lang/crates.io-index	cf8baf1c55e62ffcace7a9f06f4bd9cd3f0c4beb022d3b367256b91b87513d98	Unlicense OR MIT	Unlicense OR MIT	https://github.com/BurntSushi/memchr	5fdb40c054e1fff359a2f7bdf7f87a13b34b465d		COPYING@sha256:01c266bced4a434da0051174d6bee16a4c82cf634e2679b6155d40d75012390f;LICENSE-MIT@sha256:0f96a83840e146e43c0ec96a22ec1f392e0680e6c1226e6f3ba87e0740af850f
memmap2	0.9.11	registry+https://github.com/rust-lang/crates.io-index	d1219ed1b7f229ee7104d281dd01d6802fe28bb6e95d292942c4daacdeb798c0	MIT OR Apache-2.0	MIT OR Apache-2.0	https://github.com/RazrFalcon/memmap2-rs	7d76ad3157383db5670fd7e012f44de42aa7444b		LICENSE-APACHE@sha256:04ea4849dba9dcae07113850c6f1b1a69052c625210639914eee352023f750ad;LICENSE-MIT@sha256:0d25d03b5ab49576178ad0cae7a2648d12c17ad0452fe49c07e55e4b59aa5257
memoffset	0.9.1	registry+https://github.com/rust-lang/crates.io-index	488016bfae457b036d996092f6cb448677611ce4449e970ceaf42695203f218a	MIT	MIT	https://github.com/Gilnaa/memoffset	153fc3d50f03755be53148bc3eb97390f9011e45		LICENSE@sha256:3234ac55816264ee7b6c7ee27efd61cf0a1fe775806870e3d9b4c41ea73c5cb1
miniz_oxide	0.8.9	registry+https://github.com/rust-lang/crates.io-index	1fa76a2c86f704bdb222d66965fb3d63269ce38518b83cb0575fca855ebb6316	MIT OR Zlib OR Apache-2.0	MIT OR Zlib OR Apache-2.0	https://github.com/Frommi/miniz_oxide/tree/master/miniz_oxide	44e43c7786e379b2b1a7fde4aa0e63be719e583d	miniz_oxide	LICENSE@sha256:4108245a1f2df9d4e94df8abed5b4ba0759bb2f9b40a6b939f1be141077ae50b;LICENSE-APACHE.md@sha256:0d542e0c8804e39aa7f37eb00da5a762149dc682d7829451287e11b938e94594;LICENSE-MIT.md@sha256:799e9ca9d179295ef372f25d3769cdda7d25bb2668add6a6a1e22d1e4c678b8d;LICENSE-ZLIB.md@sha256:0a54e647fe54104658b5e563c04c6f9edf251710e47bce692e0bd990a4ddaa39
moxcms	0.7.11	registry+https://github.com/rust-lang/crates.io-index	ac9557c559cd6fc9867e122e20d2cbefc9ca29d80d027a8e39310920ed2f0a97	BSD-3-Clause OR Apache-2.0	BSD-3-Clause OR Apache-2.0	https://github.com/awxkee/moxcms.git	ce70195bb0f4a911671eea2695f9298d3e77ebe7		LICENSE-APACHE.md@sha256:90bf2d659c43045111b65c733ab2a6d4cbcb422a098368c8c58a9ba3db4ed0c5;LICENSE.md@sha256:2aa92cada6431e75615e3fe6cb1a9082c98f777d48ae1c087c0da0e37f7b8bff
nix	0.30.1	registry+https://github.com/rust-lang/crates.io-index	74523f3a35e05aba87a1d978330aef40f67b0304ac79c1c00b294c9830543db6	MIT	MIT	https://github.com/nix-rust/nix	3cf9007216086b17a6ef5a09fa42dc00cde5c2bf		LICENSE@sha256:66e3ee1fa7f909ad3c612d556f2a0cdabcd809ad6e66f3b0605015ac64841b70
num-traits	0.2.19	registry+https://github.com/rust-lang/crates.io-index	071dfc062690e90b734c0b2273ce72ad0ffa95f0c74596bc250dcfd960262841	MIT OR Apache-2.0	MIT OR Apache-2.0	https://github.com/rust-num/num-traits	7ec3d41d39b28190ec1d42db38021107b3951f3a		LICENSE-APACHE@sha256:a60eea817514531668d7e00765731449fe14d059d3249e0bc93b36de45f759f2;LICENSE-MIT@sha256:6485b8ed310d3f0340bf1ad1f47645069ce4069dcc6bb46c7d5c6faf41de1fdb
once_cell	1.21.4	registry+https://github.com/rust-lang/crates.io-index	9f7c3e4beb33f85d45ae3e3a1792185706c8e16d043238c593331cc7cd313b50	MIT OR Apache-2.0	MIT OR Apache-2.0	https://github.com/matklad/once_cell	80fe900b21f6d76c1a2ed74d3343e8a3a88c46d0		LICENSE-APACHE@sha256:a60eea817514531668d7e00765731449fe14d059d3249e0bc93b36de45f759f2;LICENSE-MIT@sha256:23f18e03dc49df91622fe2a76176497404e46ced8a715d9d2b67a7446571cca3
pango	0.21.5	registry+https://github.com/rust-lang/crates.io-index	52d1d85e2078077a065bb7fc072783d5bcd4e51b379f22d67107d0a16937eb69	MIT	MIT	https://github.com/gtk-rs/gtk-rs-core	8b654067dcac04ebb3c7cce6a7aa5926155776fa	pango	COPYRIGHT@sha256:dae402989de65164815b7e2b6bc2b9576285434c3785934c8b6ece0fa055960d;LICENSE@sha256:8cf56d10131ce201cf69ab74b111d3ebac1acca3833d7efb39ae357224b70edb
pango-sys	0.21.5	registry+https://github.com/rust-lang/crates.io-index	b4f06627d36ed5ff303d2df65211fc2e52ba5b17bf18dd80ff3d9628d6e06cfd	MIT	MIT	https://github.com/gtk-rs/gtk-rs-core	8b654067dcac04ebb3c7cce6a7aa5926155776fa	pango/sys	LICENSE@sha256:8cf56d10131ce201cf69ab74b111d3ebac1acca3833d7efb39ae357224b70edb
pin-project-lite	0.2.17	registry+https://github.com/rust-lang/crates.io-index	a89322df9ebe1c1578d689c92318e070967d1042b512afbe49518723f4e6d5cd	Apache-2.0 OR MIT	Apache-2.0 OR MIT	https://github.com/taiki-e/pin-project-lite	3bdf763446aa78f90e3bdac1ef583e014832ab4c		LICENSE-APACHE@sha256:0d542e0c8804e39aa7f37eb00da5a762149dc682d7829451287e11b938e94594;LICENSE-MIT@sha256:23f18e03dc49df91622fe2a76176497404e46ced8a715d9d2b67a7446571cca3
pkg-config	0.3.33	registry+https://github.com/rust-lang/crates.io-index	19f132c84eca552bf34cab8ec81f1c1dcc229b811638f9d283dceabe58c5569e	MIT OR Apache-2.0	MIT OR Apache-2.0	https://github.com/rust-lang/pkg-config-rs	f4ac872e02f9e2c111c55f3ed0eee6284d41d50f		LICENSE-APACHE@sha256:a60eea817514531668d7e00765731449fe14d059d3249e0bc93b36de45f759f2;LICENSE-MIT@sha256:378f5840b258e2779c39418f3f2d7b2ba96f1c7917dd6be0713f88305dbda397
png	0.18.1	registry+https://github.com/rust-lang/crates.io-index	60769b8b31b2a9f263dae2776c37b1b28ae246943cf719eb6946a1db05128a61	MIT OR Apache-2.0	MIT OR Apache-2.0	https://github.com/image-rs/image-png	2a3f980245e3ae38b82ade96533e7b450e8477bb		LICENSE-APACHE@sha256:a60eea817514531668d7e00765731449fe14d059d3249e0bc93b36de45f759f2;LICENSE-MIT@sha256:eaf40297c75da471f7cda1f3458e8d91b4b2ec866e609527a13acfa93b638652
proc-macro-crate	3.5.0	registry+https://github.com/rust-lang/crates.io-index	e67ba7e9b2b56446f1d419b1d807906278ffa1a658a8a5d8a39dcb1f5a78614f	MIT OR Apache-2.0	MIT OR Apache-2.0	https://github.com/bkchr/proc-macro-crate	8f3d8b04539f732e09c07907f138a248c8d0eed9		LICENSE-APACHE@sha256:8ada45cd9f843acf64e4722ae262c622a2b3b3007c7310ef36ac1061a30f6adb;LICENSE-MIT@sha256:23f18e03dc49df91622fe2a76176497404e46ced8a715d9d2b67a7446571cca3
proc-macro2	1.0.107	registry+https://github.com/rust-lang/crates.io-index	985e7ec9bb745e6ce6535b544d84d6cd6f7ad8bd711c398938ae983b91a766d9	MIT OR Apache-2.0	MIT OR Apache-2.0	https://github.com/dtolnay/proc-macro2	ed8a5497669cd63db33bf24646f261b012bbbc4a		LICENSE-APACHE@sha256:62c7a1e35f56406896d7aa7ca52d0cc0d272ac022b5d2796e7d6905db8a3636a;LICENSE-MIT@sha256:23f18e03dc49df91622fe2a76176497404e46ced8a715d9d2b67a7446571cca3
pxfm	0.1.30	registry+https://github.com/rust-lang/crates.io-index	d55d956fa96f5ec02be2e13af0e20391a5aa83d6a074e3ad368959d0fab299ea	BSD-3-Clause OR Apache-2.0	BSD-3-Clause OR Apache-2.0	https://github.com/awxkee/pxfm	acf7acd00cfc845307eda7b7b2de19e42303de82		LICENSE-APACHE.md@sha256:90bf2d659c43045111b65c733ab2a6d4cbcb422a098368c8c58a9ba3db4ed0c5;LICENSE.md@sha256:2aa92cada6431e75615e3fe6cb1a9082c98f777d48ae1c087c0da0e37f7b8bff
quick-error	2.0.1	registry+https://github.com/rust-lang/crates.io-index	a993555f31e5a609f617c12db6250dedcac1b0a85076912c436e6fc9b2c8e6a3	MIT/Apache-2.0	MIT OR Apache-2.0	http://github.com/tailhook/quick-error	25ab982bb0c43130ae48485151f4a232eeab7d0c		LICENSE-APACHE@sha256:c6596eb7be8581c18be736c846fb9173b69eccf6ef94c5135893ec56bd92ba08;LICENSE-MIT@sha256:058f01fe181608d027fcde7e528fc03ea3cf90f30903c407644b0a9bbc54f500
quick-xml	0.41.0	registry+https://github.com/rust-lang/crates.io-index	e660451e55124f798a69a5af3f49ccfbefbd41910eefd25caf2393e1f3473ec1	MIT	MIT	https://github.com/tafia/quick-xml	4deda08abeffdc188c269360229cf47e12a77a9f		LICENSE-MIT.md@sha256:5b2c207dcf571267ebe0bbdd5bf321f561ddc22ff597e7b363e96f4539507a29
quote	1.0.47	registry+https://github.com/rust-lang/crates.io-index	1fbf4db142a473a8d80c26bbf18454ed458bf8d26c8219c331daecfdbd079001	MIT OR Apache-2.0	MIT OR Apache-2.0	https://github.com/dtolnay/quote	723dcb47d3f0ddc896e17287c8a8d3f2ea2317d5		LICENSE-APACHE@sha256:62c7a1e35f56406896d7aa7ca52d0cc0d272ac022b5d2796e7d6905db8a3636a;LICENSE-MIT@sha256:23f18e03dc49df91622fe2a76176497404e46ced8a715d9d2b67a7446571cca3
rustc_version	0.4.1	registry+https://github.com/rust-lang/crates.io-index	cfcb3a22ef46e85b45de6ee7e79d063319ebb6594faafcf1c225ea92ab6e9b92	MIT OR Apache-2.0	MIT OR Apache-2.0	https://github.com/djc/rustc-version-rs	eeca449cca83e24150e46739e797aa82e9142809		LICENSE-APACHE@sha256:a60eea817514531668d7e00765731449fe14d059d3249e0bc93b36de45f759f2;LICENSE-MIT@sha256:c9a75f18b9ab2927829a208fc6aa2cf4e63b8420887ba29cdb265d6619ae82d5
rustix	1.1.4	registry+https://github.com/rust-lang/crates.io-index	b6fe4565b9518b83ef4f91bb47ce29620ca828bd32cb7e408f0062e9930ba190	Apache-2.0 WITH LLVM-exception OR Apache-2.0 OR MIT	Apache-2.0 WITH LLVM-exception OR Apache-2.0 OR MIT	https://github.com/bytecodealliance/rustix	c4caf5caaa7e93828a2e4a4cdba1dd0171e45717		COPYRIGHT@sha256:377c2e7c53250cc5905c0b0532d35973392af16ffb9596a41d99d202cf3617c9;LICENSE-APACHE@sha256:a60eea817514531668d7e00765731449fe14d059d3249e0bc93b36de45f759f2;LICENSE-Apache-2.0_WITH_LLVM-exception@sha256:268872b9816f90fd8e85db5a28d33f8150ebb8dd016653fb39ef1f94f2686bc5;LICENSE-MIT@sha256:23f18e03dc49df91622fe2a76176497404e46ced8a715d9d2b67a7446571cca3
semver	1.0.28	registry+https://github.com/rust-lang/crates.io-index	8a7852d02fc848982e0c167ef163aaff9cd91dc640ba85e263cb1ce46fae51cd	MIT OR Apache-2.0	MIT OR Apache-2.0	https://github.com/dtolnay/semver	7625c7aa3f0e8ba21e099d1765bcebcb72aa8816		LICENSE-APACHE@sha256:62c7a1e35f56406896d7aa7ca52d0cc0d272ac022b5d2796e7d6905db8a3636a;LICENSE-MIT@sha256:23f18e03dc49df91622fe2a76176497404e46ced8a715d9d2b67a7446571cca3
serde	1.0.229	registry+https://github.com/rust-lang/crates.io-index	4148590afebada386688f18773da617792bf2ef03ffc1e4cbd2b1d45b023e0ba	MIT OR Apache-2.0	MIT OR Apache-2.0	https://github.com/serde-rs/serde	7fc3b4c30c94f73a96ebd1553f2b090d928fc3a8	serde	LICENSE-APACHE@sha256:62c7a1e35f56406896d7aa7ca52d0cc0d272ac022b5d2796e7d6905db8a3636a;LICENSE-MIT@sha256:23f18e03dc49df91622fe2a76176497404e46ced8a715d9d2b67a7446571cca3
serde_core	1.0.229	registry+https://github.com/rust-lang/crates.io-index	67dca2c9c51e58a4791a4b1ed58308b39c64224d349a935ab5039aa360942a48	MIT OR Apache-2.0	MIT OR Apache-2.0	https://github.com/serde-rs/serde	7fc3b4c30c94f73a96ebd1553f2b090d928fc3a8	serde_core	LICENSE-APACHE@sha256:62c7a1e35f56406896d7aa7ca52d0cc0d272ac022b5d2796e7d6905db8a3636a;LICENSE-MIT@sha256:23f18e03dc49df91622fe2a76176497404e46ced8a715d9d2b67a7446571cca3
serde_derive	1.0.229	registry+https://github.com/rust-lang/crates.io-index	e7a5d71263a5a7d47b41f6b3f06ba276f10cc18b0931f1799f710578e2309348	MIT OR Apache-2.0	MIT OR Apache-2.0	https://github.com/serde-rs/serde	7fc3b4c30c94f73a96ebd1553f2b090d928fc3a8	serde_derive	LICENSE-APACHE@sha256:62c7a1e35f56406896d7aa7ca52d0cc0d272ac022b5d2796e7d6905db8a3636a;LICENSE-MIT@sha256:23f18e03dc49df91622fe2a76176497404e46ced8a715d9d2b67a7446571cca3
serde_json	1.0.151	registry+https://github.com/rust-lang/crates.io-index	c841b55ecdae098c80dcae9cf767f6f8a0c2cdb3416bbef72181df4d0fe73f14	MIT OR Apache-2.0	MIT OR Apache-2.0	https://github.com/serde-rs/json	de8500740cdcabffb9734f503e4889def823cf10		LICENSE-APACHE@sha256:62c7a1e35f56406896d7aa7ca52d0cc0d272ac022b5d2796e7d6905db8a3636a;LICENSE-MIT@sha256:23f18e03dc49df91622fe2a76176497404e46ced8a715d9d2b67a7446571cca3
serde_spanned	1.1.1	registry+https://github.com/rust-lang/crates.io-index	6662b5879511e06e8999a8a235d848113e942c9124f211511b16466ee2995f26	MIT OR Apache-2.0	MIT OR Apache-2.0	https://github.com/toml-rs/toml	9db8aad6eafbc62f6b9d1950117649cc41eaf695	crates/serde_spanned	LICENSE-APACHE@sha256:c6596eb7be8581c18be736c846fb9173b69eccf6ef94c5135893ec56bd92ba08;LICENSE-MIT@sha256:6efb0476a1cc085077ed49357026d8c173bf33017278ef440f222fb9cbcb66e6
sha2	0.10.9	registry+https://github.com/rust-lang/crates.io-index	a7507d819769d01a365ab707794a4084392c824f54a7a6a7862f8c3d0892b283	MIT OR Apache-2.0	MIT OR Apache-2.0	https://github.com/RustCrypto/hashes	82c36a428f8d6f05f3bfccdedb243e9d1f85359d	sha2	LICENSE-APACHE@sha256:a9040321c3712d8fd0b09cf52b17445de04a23a10165049ae187cd39e5c86be5;LICENSE-MIT@sha256:b4eb00df6e2a4d22518fcaa6a2b4646f249b3a3c9814509b22bd2091f1392ff1
shlex	2.0.1	registry+https://github.com/rust-lang/crates.io-index	f8fadd59c855ef2080decdef8ff161eb6661b86933c9d82e5ba29dc602a55aba	MIT OR Apache-2.0	MIT OR Apache-2.0	https://github.com/comex/rust-shlex	e82b1411beb7c92871c2c078c9ab415bbcf207ef		LICENSE-APACHE@sha256:553fffcd9b1cb158bc3e9edc35da85ca5c3b3d7d2e61c883ebcfa8a65814b583;LICENSE-MIT@sha256:4455bf75a91154108304cb283e0fea9948c14f13e20d60887cf2552449dea3b1
simd-adler32	0.3.10	registry+https://github.com/rust-lang/crates.io-index	3a219298ac11a56ea9a6d2120044824d6f01aeb034955e7af7bc16858527deea	MIT	MIT	https://github.com/mcountryman/simd-adler32	d93164f98d7fe2daf883f2e1bec82778dd26199a		LICENSE.md@sha256:42a35170233e83e18856792e748de4c1ce4a63b2afce9a370c89ef3fe23f9f2d
slab	0.4.12	registry+https://github.com/rust-lang/crates.io-index	0c790de23124f9ab44544d7ac05d60440adc586479ce501c1d6d7da3cd8c9cf5	MIT	MIT	https://github.com/tokio-rs/slab	a1e4346070a48c936d808de75191dee5d01e433c		LICENSE@sha256:8ce0830173fdac609dfb4ea603fdc002c2f4af0dc9b1a005653f5da9cf534b18
smallvec	1.15.2	registry+https://github.com/rust-lang/crates.io-index	8ed6a63f02c8539c91a8685a86f4099661ba3da017932f6ebbea6de3f0fa7c90	MIT OR Apache-2.0	MIT OR Apache-2.0	https://github.com/servo/rust-smallvec	c469051a1ba05ef1a03dd69e14b4a5aa329e6f10		LICENSE-APACHE@sha256:a60eea817514531668d7e00765731449fe14d059d3249e0bc93b36de45f759f2;LICENSE-MIT@sha256:0b28172679e0009b655da42797c03fd163a3379d5cfa67ba1f1655e974a2a1a9
strsim	0.11.1	registry+https://github.com/rust-lang/crates.io-index	7da8b5736845d9f2fcb837ea5d9e2628564b3b043a70948a3f0b778838c5fb4f	MIT	MIT	https://github.com/rapidfuzz/strsim-rs	76c5a900e6e12cfc605eee5ab6e36300384c8682		LICENSE@sha256:1e697ce8d21401fbf1bddd9b5c3fd4c4c79ae1e3bdf51f81761c85e11d5a89cd
syn	2.0.119	registry+https://github.com/rust-lang/crates.io-index	872831b642d1a07999a962a351ed35b955ea2cfc8f3862091e2a240a84f17297	MIT OR Apache-2.0	MIT OR Apache-2.0	https://github.com/dtolnay/syn	3295f9e9841785ac88a5e558c884854d5fb7d67f		LICENSE-APACHE@sha256:62c7a1e35f56406896d7aa7ca52d0cc0d272ac022b5d2796e7d6905db8a3636a;LICENSE-MIT@sha256:23f18e03dc49df91622fe2a76176497404e46ced8a715d9d2b67a7446571cca3
syn	3.0.3	registry+https://github.com/rust-lang/crates.io-index	53e9bae58849f64dfa4f5d5ae372c8341f7305f82a3868709269343628b659a3	MIT OR Apache-2.0	MIT OR Apache-2.0	https://github.com/dtolnay/syn	23dbaab4b0c43f56cd803894054cf366661e53b0		LICENSE-APACHE@sha256:62c7a1e35f56406896d7aa7ca52d0cc0d272ac022b5d2796e7d6905db8a3636a;LICENSE-MIT@sha256:23f18e03dc49df91622fe2a76176497404e46ced8a715d9d2b67a7446571cca3
system-deps	7.0.8	registry+https://github.com/rust-lang/crates.io-index	396a35feb67335377e0251fcbc1092fc85c484bd4e3a7a54319399da127796e7	MIT OR Apache-2.0	MIT OR Apache-2.0	https://github.com/gdesmott/system-deps	24eca98701145690ca68e61081137ac8810f17cd		LICENSE-APACHE@sha256:a60eea817514531668d7e00765731449fe14d059d3249e0bc93b36de45f759f2;LICENSE-MIT@sha256:23f18e03dc49df91622fe2a76176497404e46ced8a715d9d2b67a7446571cca3
tar	0.4.46	registry+https://github.com/rust-lang/crates.io-index	3f6221d9a6003c78398e3b239969f352578258df48c8eb051caadae0015bc840	MIT OR Apache-2.0	MIT OR Apache-2.0	https://github.com/composefs/tar-rs	fc459c149f83bf4daceaa52e17d351989002e1a9		LICENSE-APACHE@sha256:a60eea817514531668d7e00765731449fe14d059d3249e0bc93b36de45f759f2;LICENSE-MIT@sha256:8ca6b96cea9e67c6c5c63f452c31bd396db8bd2406231fdea5d48ef462b48077
target-lexicon	0.13.5	registry+https://github.com/rust-lang/crates.io-index	adb6935a6f5c20170eeceb1a3835a49e12e19d792f6dd344ccc76a985ca5a6ca	Apache-2.0 WITH LLVM-exception	Apache-2.0 WITH LLVM-exception	https://github.com/bytecodealliance/target-lexicon	6647bd7d681d3e218c88568d8285dfd8cae2dd97		LICENSE@sha256:268872b9816f90fd8e85db5a28d33f8150ebb8dd016653fb39ef1f94f2686bc5
tempfile	3.27.0	registry+https://github.com/rust-lang/crates.io-index	32497e9a4c7b38532efcdebeef879707aa9f794296a4f0244f6f69e9bc8574bd	MIT OR Apache-2.0	MIT OR Apache-2.0	https://github.com/Stebalien/tempfile	5c8fa12eb584931b4f1bccfde87eb72fbfa7dc61		LICENSE-APACHE@sha256:a60eea817514531668d7e00765731449fe14d059d3249e0bc93b36de45f759f2;LICENSE-MIT@sha256:8b427f5bc501764575e52ba4f9d95673cf8f6d80a86d0d06599852e1a9a20a36
tiff	0.10.3	registry+https://github.com/rust-lang/crates.io-index	af9605de7fee8d9551863fd692cce7637f548dbd9db9180fcc07ccc6d26c336f	MIT	MIT	https://github.com/image-rs/image-tiff	695208cffe1ba8623fe4576584bcc87e13b63b65		LICENSE@sha256:20c097d0de27e2adc179140a3d542091951a030699c7e1c78655f2a2d08d4e3e;tests/COPYRIGHT@sha256:c341a79df284be8a0321dabda4aa1aeea053b55b4e0db827940c221fcaf29b7b
toml	1.1.4+spec-1.1.0	registry+https://github.com/rust-lang/crates.io-index	3aace63f4bbcdfc2c965b059de67119c89c4017a70d633be6c104910f67056f5	MIT OR Apache-2.0	MIT OR Apache-2.0	https://github.com/toml-rs/toml	beee9fe5a93347722335e1b99a693f3216986132	crates/toml	LICENSE-APACHE@sha256:c6596eb7be8581c18be736c846fb9173b69eccf6ef94c5135893ec56bd92ba08;LICENSE-MIT@sha256:6efb0476a1cc085077ed49357026d8c173bf33017278ef440f222fb9cbcb66e6
toml_datetime	1.1.1+spec-1.1.0	registry+https://github.com/rust-lang/crates.io-index	3165f65f62e28e0115a00b2ebdd37eb6f3b641855f9d636d3cd4103767159ad7	MIT OR Apache-2.0	MIT OR Apache-2.0	https://github.com/toml-rs/toml	9db8aad6eafbc62f6b9d1950117649cc41eaf695	crates/toml_datetime	LICENSE-APACHE@sha256:c6596eb7be8581c18be736c846fb9173b69eccf6ef94c5135893ec56bd92ba08;LICENSE-MIT@sha256:6efb0476a1cc085077ed49357026d8c173bf33017278ef440f222fb9cbcb66e6
toml_edit	0.25.13+spec-1.1.0	registry+https://github.com/rust-lang/crates.io-index	6975367e4d2ef766d86af01ffad14b622fecc8d4357a998fbc4deb6e9bacaf9b	MIT OR Apache-2.0	MIT OR Apache-2.0	https://github.com/toml-rs/toml	eb251609a333580bf005cae27df853bb63dffdbe	crates/toml_edit	LICENSE-APACHE@sha256:c6596eb7be8581c18be736c846fb9173b69eccf6ef94c5135893ec56bd92ba08;LICENSE-MIT@sha256:6efb0476a1cc085077ed49357026d8c173bf33017278ef440f222fb9cbcb66e6
toml_parser	1.1.3+spec-1.1.0	registry+https://github.com/rust-lang/crates.io-index	1d38ac1cf9b95face32296c0a3ede1fdc270627c9d9c02a7274dd6d960dc4d56	MIT OR Apache-2.0	MIT OR Apache-2.0	https://github.com/toml-rs/toml	4ec099fed591a172f82007cb2f9d605985bbecee	crates/toml_parser	LICENSE-APACHE@sha256:c6596eb7be8581c18be736c846fb9173b69eccf6ef94c5135893ec56bd92ba08;LICENSE-MIT@sha256:6efb0476a1cc085077ed49357026d8c173bf33017278ef440f222fb9cbcb66e6
typenum	1.20.1	registry+https://github.com/rust-lang/crates.io-index	b6f5e870be6c3b371b77fe0ee0bafb859fa4964b4404c27de1d380043c4dda20	MIT OR Apache-2.0	MIT OR Apache-2.0	https://github.com/paholg/typenum	0db9a0f731981f29266b63586c29fa07e4477b1a		LICENSE@sha256:db11fec9946737df39ca3898d9cd8c10ec6f6c3a884a6802b0ad0b81b4e8f23a;LICENSE-APACHE@sha256:516b24e051bf5630880ebbd55c40a25ce9552ebaf8970a53e8976eb70e522406;LICENSE-MIT@sha256:a825bd853ab71619a4923d7b4311221427848070ff44d990da39b0b274c1683f
unicode-ident	1.0.24	registry+https://github.com/rust-lang/crates.io-index	e6e4313cd5fcd3dad5cafa179702e2b244f760991f45397d14d4ebf38247da75	(MIT OR Apache-2.0) AND Unicode-3.0	(MIT OR Apache-2.0) AND Unicode-3.0	https://github.com/dtolnay/unicode-ident	5b54a632702b5744a1c40ea01c127c0ac0498172		LICENSE-APACHE@sha256:62c7a1e35f56406896d7aa7ca52d0cc0d272ac022b5d2796e7d6905db8a3636a;LICENSE-MIT@sha256:23f18e03dc49df91622fe2a76176497404e46ced8a715d9d2b67a7446571cca3;LICENSE-UNICODE@sha256:f7db81051789b729fea528a63ec4c938fdcb93d9d61d97dc8cc2e9df6d47f2a1
utf8parse	0.2.2	registry+https://github.com/rust-lang/crates.io-index	06abde3611657adf66d383f00b093d7faecc7fa57071cce2578660c9f1010821	Apache-2.0 OR MIT	Apache-2.0 OR MIT	https://github.com/alacritty/vte	ebc4a4d7259678a8626f5c269ea9348dfc3e79b2	utf8parse	LICENSE-APACHE@sha256:62c7a1e35f56406896d7aa7ca52d0cc0d272ac022b5d2796e7d6905db8a3636a;LICENSE-MIT@sha256:e4c9b06fa850cb9b540a5e400e9f6394cf15efcf4098144de477d1d3dae10150
uuid	1.24.0	registry+https://github.com/rust-lang/crates.io-index	bf3923a6f5c4c6382e0b653c4117f48d631ea17f38ed86e2a828e6f7412f5239	Apache-2.0 OR MIT	Apache-2.0 OR MIT	https://github.com/uuid-rs/uuid	6a8aeab3d02838f6fef71e69cdfda963e8c4158b		LICENSE-APACHE@sha256:a60eea817514531668d7e00765731449fe14d059d3249e0bc93b36de45f759f2;LICENSE-MIT@sha256:436bc5a105d8e57dcd8778730f3754f7bf39c14d2f530e4cde4bd2d17a83ec3d
version-compare	0.2.1	registry+https://github.com/rust-lang/crates.io-index	03c2856837ef78f57382f06b2b8563a2f512f7185d732608fd9176cb3b8edf0e	MIT	MIT	https://gitlab.com/timvisee/version-compare	0c261ec99783236a5acfc511f62253ba2d3f21b8		LICENSE@sha256:cedfcc7ace1639adb054bd4a19b6f8585ccb2429a60b4bf51bfeb0601058c22c
version_check	0.9.5	registry+https://github.com/rust-lang/crates.io-index	0b928f33d975fc6ad9f86c8f283853ad26bdd5b10b7f1542aa2fa15e2289105a	MIT/Apache-2.0	MIT OR Apache-2.0	https://github.com/SergioBenitez/version_check	d77ef9f27cc336719b2d839d09ee6635dd22f758		LICENSE-APACHE@sha256:a60eea817514531668d7e00765731449fe14d059d3249e0bc93b36de45f759f2;LICENSE-MIT@sha256:b7e650f3fce5c53249d1cdc608b54df156a97edd636cf9d23498d0cfe7aec63e
wayland-backend	0.3.16	registry+https://github.com/rust-lang/crates.io-index	016ccf01d1c58b6f8999612813e17c9b2390f7d70671428869913310f83f54b8	MIT	MIT	https://github.com/smithay/wayland-rs	05196740da57e41b60a9e9f8e35079e9bd29b89a	wayland-backend	LICENSE.txt@sha256:1cb6f4dee8c649f175736380495f0af0c753c87f22d50931692968bb24bf2161
wayland-client	0.31.15	registry+https://github.com/rust-lang/crates.io-index	e3c36a0f861ad76d0901f2800b46321410d9f73f2ea88aac0650d86c32688073	MIT	MIT	https://github.com/smithay/wayland-rs	05196740da57e41b60a9e9f8e35079e9bd29b89a	wayland-client	LICENSE.txt@sha256:1cb6f4dee8c649f175736380495f0af0c753c87f22d50931692968bb24bf2161
wayland-protocols	0.32.13	registry+https://github.com/rust-lang/crates.io-index	23d0c813de3daa2ed6520af85a3bd49b0e722a3078506899aa9686fea58dc4b6	MIT	MIT	https://github.com/smithay/wayland-rs	661cf141f5de4ec83559125b3d8bb1c79f25116b	wayland-protocols	LICENSE.txt@sha256:1cb6f4dee8c649f175736380495f0af0c753c87f22d50931692968bb24bf2161;protocols/COPYING@sha256:f1a2b233e8a9a71c40f4aa885be08a0842ac85bb8588703c1dd7e6e6502e3124
wayland-scanner	0.31.11	registry+https://github.com/rust-lang/crates.io-index	338e30461b3a2b67d70eb30a6d89f8e0c93a833e07d2ae89085cd070c4a00ac0	MIT	MIT	https://github.com/smithay/wayland-rs	05196740da57e41b60a9e9f8e35079e9bd29b89a	wayland-scanner	LICENSE.txt@sha256:1cb6f4dee8c649f175736380495f0af0c753c87f22d50931692968bb24bf2161
wayland-server	0.31.14	registry+https://github.com/rust-lang/crates.io-index	0dde9c29be0f723a573977de51ee455bf3dfa03652730a74f9dd3b337e374d75	MIT	MIT	https://github.com/smithay/wayland-rs	05196740da57e41b60a9e9f8e35079e9bd29b89a	wayland-server	LICENSE.txt@sha256:1cb6f4dee8c649f175736380495f0af0c753c87f22d50931692968bb24bf2161
wayland-sys	0.31.11	registry+https://github.com/rust-lang/crates.io-index	d8eab23fefc9e41f8e841df4a9c707e8a8c4ed26e944ef69297184de2785e3be	MIT	MIT	https://github.com/smithay/wayland-rs	a3d7927d87799b2955bf491b51c7c2a3a82da661	wayland-sys	LICENSE.txt@sha256:1cb6f4dee8c649f175736380495f0af0c753c87f22d50931692968bb24bf2161
weezl	0.1.12	registry+https://github.com/rust-lang/crates.io-index	a28ac98ddc8b9274cb41bb4d9d4d5c425b6020c50c46f25559911905610b4a88	MIT OR Apache-2.0	MIT OR Apache-2.0	https://github.com/image-rs/weezl	c75ea1f6d935cc56bad8674396b7cb0dd7275f99		LICENSE-APACHE@sha256:769f80b5bcb42ed0af4e4d2fd74e1ac9bf843cb80c5a29219d1ef3544428a6bb;LICENSE-MIT@sha256:573f5227db835cd30bbdd3aed3f82615f80119a4d5c82b4daf642dbfe2b6afde
winnow	1.0.4	registry+https://github.com/rust-lang/crates.io-index	23b97319f7b8343df12cc98938e5c3eb436064524c8d2b4e30a1d3a36eecdf81	MIT	MIT	https://github.com/winnow-rs/winnow	7539ec0fc27144bfdcf9a68b0dbbec48bd0d5bae		LICENSE-MIT@sha256:cb5aedb296c5246d1f22e9099f925a65146f9f0d6b4eebba97fd27a6cdbbab2d
xattr	1.6.1	registry+https://github.com/rust-lang/crates.io-index	32e45ad4206f6d2479085147f02bc2ef834ac85886624a23575ae137c8aa8156	MIT OR Apache-2.0	MIT OR Apache-2.0	https://github.com/Stebalien/xattr	3e1914f5dac41437db1fed74f6284fd84cb26b26		LICENSE-APACHE@sha256:a60eea817514531668d7e00765731449fe14d059d3249e0bc93b36de45f759f2;LICENSE-MIT@sha256:8b427f5bc501764575e52ba4f9d95673cf8f6d80a86d0d06599852e1a9a20a36
xkbcommon	0.8.0	registry+https://github.com/rust-lang/crates.io-index	8d66ca9352cbd4eecbbc40871d8a11b4ac8107cfc528a6e14d7c19c69d0e1ac9	MIT	MIT	https://github.com/rust-x-bindings/xkbcommon-rs	02e6d6cd1347e76025451a3462933d543bc7f811		LICENSE@sha256:aab1dc4d53ee52f6ad44bc11321b753c9e8c9b15e89ff533535753bbd5bceff5
xkeysym	0.2.1	registry+https://github.com/rust-lang/crates.io-index	b9cc00251562a284751c9973bace760d86c0276c471b4be569fe6b068ee97a56	MIT OR Apache-2.0 OR Zlib	MIT OR Apache-2.0 OR Zlib	https://github.com/notgull/xkeysym	77596eb8319f8d7a97db6477f307a94a0905c439		LICENSE-APACHE@sha256:d4aca2f5936fa638b062f0585df37eec086ca8620d437b2d6be2c95f01199d1a;LICENSE-MIT@sha256:875e64a5df9f892ebd29c71ad0b58a765b5789d7e9142aa70ec07fae74a67686;LICENSE-ZLIB@sha256:319736510aa7dbd6f49546f6ee57c787dbe2c7dfa0507dfbd543375f86a4416d
zerocopy	0.8.56	registry+https://github.com/rust-lang/crates.io-index	556764e583adb45a9f8d413c2a147fa7e8d821e48e12b14fd560b607998b75eb	BSD-2-Clause OR Apache-2.0 OR MIT	BSD-2-Clause OR Apache-2.0 OR MIT	https://github.com/google/zerocopy	6dc429c451bdf1d7202ec1ec2cf426514e00d8eb	zerocopy	LICENSE-APACHE@sha256:9d185ac6703c4b0453974c0d85e9eee43e6941009296bb1f5eb0b54e2329e9f3;LICENSE-BSD@sha256:83c1763356e822adde0a2cae748d938a73fdc263849ccff6b27776dff213bd32;LICENSE-MIT@sha256:1a2f5c12ddc934d58956aa5dbdd3255fe55fd957633ab7d0d39e4f0daa73f7df
zerocopy-derive	0.8.56	registry+https://github.com/rust-lang/crates.io-index	f2ab42fc20575779bd240faa45f94a74256f755c0fa9e89f0ede20d91d0cdfc1	BSD-2-Clause OR Apache-2.0 OR MIT	BSD-2-Clause OR Apache-2.0 OR MIT	https://github.com/google/zerocopy	6dc429c451bdf1d7202ec1ec2cf426514e00d8eb	zerocopy/zerocopy-derive	LICENSE-APACHE@sha256:9d185ac6703c4b0453974c0d85e9eee43e6941009296bb1f5eb0b54e2329e9f3;LICENSE-BSD@sha256:83c1763356e822adde0a2cae748d938a73fdc263849ccff6b27776dff213bd32;LICENSE-MIT@sha256:1a2f5c12ddc934d58956aa5dbdd3255fe55fd957633ab7d0d39e4f0daa73f7df
zmij	1.0.23	registry+https://github.com/rust-lang/crates.io-index	29666d0abbfad1e3dc4dcf6144730dd3a3ab225bbbdac83319345b1b44ccfc1b	MIT	MIT	https://github.com/dtolnay/zmij	7b7cc48b58028e8af7be87e94c0c1c8936f1a57c		LICENSE-MIT@sha256:23f18e03dc49df91622fe2a76176497404e46ced8a715d9d2b67a7446571cca3
zstd	0.13.3	registry+https://github.com/rust-lang/crates.io-index	e91ee311a569c327171651566e07972200e76fcfe2242a4fa446149a3881c08a	MIT	MIT	https://github.com/gyscos/zstd-rs	52e9d41a645fb49edcf1ed3df765f380dbcf13b2		LICENSE@sha256:129e8edef29e9abcd2ebabe252f4ef1b1289cdca356bf0040284a2fbccfb96c8
zstd-safe	7.2.4	registry+https://github.com/rust-lang/crates.io-index	8f49c4d5f0abb602a93fb8736af2a4f4dd9512e36f7f570d66e65ff867ed3b9d	MIT OR Apache-2.0	MIT OR Apache-2.0	https://github.com/gyscos/zstd-rs	229054099aa73f7e861762f687d7e07cac1d9b3b	zstd-safe	LICENSE@sha256:a77b7cfeaf911ed410ffbe76f0cb2b24ad8a4d94e7ead5727e914425c416cc63;LICENSE.Apache-2.0@sha256:0d542e0c8804e39aa7f37eb00da5a762149dc682d7829451287e11b938e94594;LICENSE.Mit@sha256:129e8edef29e9abcd2ebabe252f4ef1b1289cdca356bf0040284a2fbccfb96c8
zstd-sys	2.0.16+zstd.1.5.7	registry+https://github.com/rust-lang/crates.io-index	91e19ebc2adc8f83e43039e79776e3fda8ca919132d68a1fed6a5faca2683748	MIT/Apache-2.0	MIT OR Apache-2.0	https://github.com/gyscos/zstd-rs	434ca4cb364e8a81846a2d99d430977e07b15a52	zstd-safe/zstd-sys	LICENSE@sha256:a77b7cfeaf911ed410ffbe76f0cb2b24ad8a4d94e7ead5727e914425c416cc63;LICENSE.Apache-2.0@sha256:0d542e0c8804e39aa7f37eb00da5a762149dc682d7829451287e11b938e94594;LICENSE.BSD-3-Clause@sha256:48341f685c87304089aa099b23c386f8bacc519ef555aa7a13e239908907b3fd;LICENSE.Mit@sha256:129e8edef29e9abcd2ebabe252f4ef1b1289cdca356bf0040284a2fbccfb96c8;zstd/COPYING@sha256:f9c375a1be4a41f7b70301dd83c91cb89e41567478859b77eef375a52d782505;zstd/LICENSE@sha256:7055266497633c9025b777c78eb7235af13922117480ed5c674677adc381c9d8
zune-core	0.4.12	registry+https://github.com/rust-lang/crates.io-index	3f423a2c17029964870cfaabb1f13dfab7d092a62a29a89264f4d36990ca414a	MIT OR Apache-2.0 OR Zlib	MIT OR Apache-2.0 OR Zlib		f8fbb123d5ed04441e8324a555bfcda0cb1bd28f	crates/zune-core	fallback:LICENSES/upstream/cargo-fallbacks/zune-core-0.4.12-LICENSE.md@sha256:7f3a1f49123d3cdc27e9484ea62d1e64f685ee2b141e1fb2e2627189e7e5466b;fallback:LICENSES/upstream/cargo-fallbacks/zune-core-0.4.12-LICENSE-ZLIB@sha256:7fa429541e55b1509909e058f2d21a37467e4958ec713b357f6e0cf9dc4ee352
zune-jpeg	0.4.21	registry+https://github.com/rust-lang/crates.io-index	29ce2c8a9384ad323cf564b67da86e21d3cfdff87908bc1223ed5c99bc792713	MIT OR Apache-2.0 OR Zlib	MIT OR Apache-2.0 OR Zlib	https://github.com/etemesi254/zune-image/tree/dev/crates/zune-jpeg	fa2c767a01d7d9373911d0bf63e0588553d67e0e	crates/zune-jpeg	fallback:LICENSES/upstream/cargo-fallbacks/zune-jpeg-0.4.21-LICENSE.md@sha256:7f3a1f49123d3cdc27e9484ea62d1e64f685ee2b141e1fb2e2627189e7e5466b;fallback:LICENSES/upstream/cargo-fallbacks/zune-jpeg-0.4.21-LICENSE-ZLIB@sha256:7fa429541e55b1509909e058f2d21a37467e4958ec713b357f6e0cf9dc4ee352
