# graph=buzzardos-guest	target=x86_64-unknown-linux-gnu	lock_sha256=2da24166e73630e224b55194ac670630a9aa7ff6b20ed7e3e77f8a0ab2a2212f	external_packages=63
name	version	source	checksum	license	normalized_license	repository	vcs_commit	path_in_vcs	notice_files
adler2	2.0.1	registry+https://github.com/rust-lang/crates.io-index	320119579fcad9c21884f5c4861d16174d0e06250625266f50fe6898340abefa	0BSD OR MIT OR Apache-2.0	0BSD OR MIT OR Apache-2.0	https://github.com/oyvindln/adler2	89a031a0f42eeff31c70dc598b398cbf31f1680f		LICENSE-0BSD@sha256:861399f8c21c042b110517e76dc6b63a2b334276c8cf17412fc3c8908ca8dc17;LICENSE-APACHE@sha256:8ada45cd9f843acf64e4722ae262c622a2b3b3007c7310ef36ac1061a30f6adb;LICENSE-MIT@sha256:23f18e03dc49df91622fe2a76176497404e46ced8a715d9d2b67a7446571cca3
autocfg	1.5.1	registry+https://github.com/rust-lang/crates.io-index	f2032f911046de80f0a198e0901378627c33f59ea0ac00e363d481118bd70a53	Apache-2.0 OR MIT	Apache-2.0 OR MIT	https://github.com/cuviper/autocfg	2799b09c24e6632f8e653c5cd8fc303e85a906ba		LICENSE-APACHE@sha256:a60eea817514531668d7e00765731449fe14d059d3249e0bc93b36de45f759f2;LICENSE-MIT@sha256:27995d58ad5c1145c1a8cd86244ce844886958a35eb2b78c6b772748669999ac
bitflags	2.13.1	registry+https://github.com/rust-lang/crates.io-index	b588b76d00fde79687d7646a9b5bdf3cc0f655e0bbd080335a95d7e96f3587da	MIT OR Apache-2.0	MIT OR Apache-2.0	https://github.com/bitflags/bitflags	f92a2921b41644b02ca5d50a6ace542e309e6a6f		LICENSE-APACHE@sha256:a60eea817514531668d7e00765731449fe14d059d3249e0bc93b36de45f759f2;LICENSE-MIT@sha256:6485b8ed310d3f0340bf1ad1f47645069ce4069dcc6bb46c7d5c6faf41de1fdb
bytemuck	1.25.2	registry+https://github.com/rust-lang/crates.io-index	95832e849adfb21180ccb6826a99da14e5d266ae5c2e668e1602cf234f153797	Zlib OR Apache-2.0 OR MIT	Zlib OR Apache-2.0 OR MIT	https://github.com/Lokathor/bytemuck	f363643e951a7ac9e4b9921de982f2b0918902e3		LICENSE-APACHE@sha256:e3ba223bb1423f0aad8c3dfce0fe3148db48926d41e6fbc3afbbf5ff9e1c89cb;LICENSE-MIT@sha256:9df9ba60a11af705f2e451b53762686e615d86f76b169cf075c3237730dbd7e2;LICENSE-ZLIB@sha256:84b34dd7608f7fb9b17bd588a6bf392bf7de504e2716f024a77d89f1b145a151
byteorder-lite	0.1.0	registry+https://github.com/rust-lang/crates.io-index	8f1fe948ff07f4bd06c30984e69f5b4899c516a3ef74f34df92a2df2ab535495	Unlicense OR MIT	Unlicense OR MIT	https://github.com/image-rs/byteorder-lite	7d44da06a48fe10d7e23efd9a932d18a7a2def63		LICENSE-MIT@sha256:0f96a83840e146e43c0ec96a22ec1f392e0680e6c1226e6f3ba87e0740af850f
cc	1.4.2	registry+https://github.com/rust-lang/crates.io-index	5d262e149917187838d5b42777c8253bcb64500067342904e7d429499a6f277e	MIT OR Apache-2.0	MIT OR Apache-2.0	https://github.com/rust-lang/cc-rs	a91e05ec40f26d4637d4bff9e9764221d0a59dd8		LICENSE-APACHE@sha256:a60eea817514531668d7e00765731449fe14d059d3249e0bc93b36de45f759f2;LICENSE-MIT@sha256:378f5840b258e2779c39418f3f2d7b2ba96f1c7917dd6be0713f88305dbda397
cfg-if	1.0.4	registry+https://github.com/rust-lang/crates.io-index	9330f8b2ff13f34540b44e946ef35111825727b38d33286ef986142615121801	MIT OR Apache-2.0	MIT OR Apache-2.0	https://github.com/rust-lang/cfg-if	3510ca6abea34cbbc702509a4e50ea9709925eda		LICENSE-APACHE@sha256:a60eea817514531668d7e00765731449fe14d059d3249e0bc93b36de45f759f2;LICENSE-MIT@sha256:378f5840b258e2779c39418f3f2d7b2ba96f1c7917dd6be0713f88305dbda397
crc32fast	1.5.0	registry+https://github.com/rust-lang/crates.io-index	9481c1c90cbf2ac953f07c8d4a58aa3945c425b7185c9154d67a65e4230da511	MIT OR Apache-2.0	MIT OR Apache-2.0	https://github.com/srijs/rust-crc32fast	dbf4f76cd71cdcc57d9164cbd46890d53ce0423c		LICENSE-APACHE@sha256:c6596eb7be8581c18be736c846fb9173b69eccf6ef94c5135893ec56bd92ba08;LICENSE-MIT@sha256:61d383b05b87d78f94d2937e2580cce47226d17823c0430fbcad09596537efcf
downcast-rs	1.2.1	registry+https://github.com/rust-lang/crates.io-index	75b325c5dbd37f80359721ad39aca5a29fb04c89279657cffdda8736d0c0b9d2	MIT/Apache-2.0	MIT OR Apache-2.0	https://github.com/marcianx/downcast-rs	c4c48bad50482df2544115ba971acfd5916e6140		LICENSE-APACHE@sha256:8173d5c29b4f956d532781d2b86e4e30f83e6b7878dce18c919451d6ba707c90;LICENSE-MIT@sha256:fb252fecf98d9af8f1d9201c5860319a514f5a8a24700dc84fc6ea287a7a4958
equivalent	1.0.2	registry+https://github.com/rust-lang/crates.io-index	877a4ace8713b0bcf2a4e7eec82529c029f1d0619886d18145fea96c3ffe5c0f	Apache-2.0 OR MIT	Apache-2.0 OR MIT	https://github.com/indexmap-rs/equivalent	44cdd44f8b8ebb5f9ae096c7550a5e74ffb7d6ae		LICENSE-APACHE@sha256:a60eea817514531668d7e00765731449fe14d059d3249e0bc93b36de45f759f2;LICENSE-MIT@sha256:7365cc8878a1d7ce155a58c4ca09c3d7a6be413efa5334a80ea842912b669349
fax	0.2.7	registry+https://github.com/rust-lang/crates.io-index	caf1079563223d5d59d83c85886a56e586cfd5c1a26292e971a0fa266531ac5a	MIT	MIT	https://github.com/pdf-rs/fax	ac2a4b2237d98830ea1fd37c7d280eec0e87c1d8		LICENSE@sha256:7101390b4c8edd752f4c0de47f35d61b44d9cf0ee8dd032115e25644e277cfff
fdeflate	0.3.7	registry+https://github.com/rust-lang/crates.io-index	1e6853b52649d4ac5c0bd02320cddc5ba956bdb407c4b75a2c6b75bf51500f8c	MIT OR Apache-2.0	MIT OR Apache-2.0	https://github.com/image-rs/fdeflate	c365c7e6ffa81feb2e1fb762eed7299f05c9b0ca		LICENSE-APACHE@sha256:0d542e0c8804e39aa7f37eb00da5a762149dc682d7829451287e11b938e94594;LICENSE-MIT@sha256:c77a4cf9da729987d0fe7ccd811e3bd27393914ddf3d23467c18cc22954513b3
find-msvc-tools	0.1.10	registry+https://github.com/rust-lang/crates.io-index	26b73573e6edcd2af0cdf47bd6cb58f0b3839491263c314eaad1ccf24430e1de	MIT OR Apache-2.0	MIT OR Apache-2.0	https://github.com/rust-lang/cc-rs	b27570c6644e4f5a43ea4561878a80ea334c5a14	find-msvc-tools	LICENSE-APACHE@sha256:a60eea817514531668d7e00765731449fe14d059d3249e0bc93b36de45f759f2;LICENSE-MIT@sha256:378f5840b258e2779c39418f3f2d7b2ba96f1c7917dd6be0713f88305dbda397
fixedbitset	0.5.7	registry+https://github.com/rust-lang/crates.io-index	1d674e81391d1e1ab681a28d99df07927c6d4aa5b027d7da16ba32d1d21ecd99	MIT OR Apache-2.0	MIT OR Apache-2.0	https://github.com/petgraph/fixedbitset	f1db5d17dabc4b8f3ba68c1228a3ee7601c7f33c		LICENSE-APACHE@sha256:a60eea817514531668d7e00765731449fe14d059d3249e0bc93b36de45f759f2;LICENSE-MIT@sha256:ce592787ff2321feab698a4c612237f4378cc658ebb1d472913e5802cc47afb4
flate2	1.1.9	registry+https://github.com/rust-lang/crates.io-index	843fba2746e448b37e26a819579957415c8cef339bf08564fe8b7ddbd959573c	MIT OR Apache-2.0	MIT OR Apache-2.0	https://github.com/rust-lang/flate2-rs	19ddb18bf11199858fbc6504d079448fafd1606e		LICENSE-APACHE@sha256:a60eea817514531668d7e00765731449fe14d059d3249e0bc93b36de45f759f2;LICENSE-MIT@sha256:025436edff4cfcdde17a5811fdea78892d8482efd1abdec5a17872d07a4f2112
foldhash	0.1.5	registry+https://github.com/rust-lang/crates.io-index	d9c4f5dac5e15c24eb999c26181a6ca40b39fe946cbe4c263c7209467bc83af2	Zlib	Zlib	https://github.com/orlp/foldhash	42461756c3760f9165c90d9626a49e36980a1e47		LICENSE@sha256:b1181a40b2a7b25cf66fd01481713bc1005df082c53ef73e851e55071b102744
half	2.7.1	registry+https://github.com/rust-lang/crates.io-index	6ea2d84b969582b4b1864a92dc5d27cd2b77b622a8d79306834f1be5ba20d84b	MIT OR Apache-2.0	MIT OR Apache-2.0	https://github.com/VoidStarKat/half-rs	8cc891f3e4aad956eca7fa79b1f42f87ecd141ae		LICENSE-APACHE@sha256:a6cba85bc92e0cff7a450b1d873c0eaa2e9fc96bf472df0247a26bec77bf3ff9;LICENSE-MIT@sha256:508a77d2e7b51d98adeed32648ad124b7b30241a8e70b2e72c99f92d8e5874d1
hashbrown	0.15.5	registry+https://github.com/rust-lang/crates.io-index	9229cfe53dfd69f0609a49f65461bd93001ea1ef889cd5529dd176593f5338a1	MIT OR Apache-2.0	MIT OR Apache-2.0	https://github.com/rust-lang/hashbrown	b751eef8e99ccf3652046ef4a9e1ec47c1bfb78d		LICENSE-APACHE@sha256:a60eea817514531668d7e00765731449fe14d059d3249e0bc93b36de45f759f2;LICENSE-MIT@sha256:ff8f68cb076caf8cefe7a6430d4ac086ce6af2ca8ce2c4e5a2004d4552ef52a2
hashbrown	0.17.1	registry+https://github.com/rust-lang/crates.io-index	ed5909b6e89a2db4456e54cd5f673791d7eca6732202bbf2a9cc504fe2f9b84a	MIT OR Apache-2.0	MIT OR Apache-2.0	https://github.com/rust-lang/hashbrown	c62a63a61b7caf2de8f9ecb7b06a66b0ab6bdf3d		LICENSE-APACHE@sha256:a60eea817514531668d7e00765731449fe14d059d3249e0bc93b36de45f759f2;LICENSE-MIT@sha256:ff8f68cb076caf8cefe7a6430d4ac086ce6af2ca8ce2c4e5a2004d4552ef52a2
image	0.25.8	registry+https://github.com/rust-lang/crates.io-index	529feb3e6769d234375c4cf1ee2ce713682b8e76538cb13f9fc23e1400a591e7	MIT OR Apache-2.0	MIT OR Apache-2.0	https://github.com/image-rs/image	98b001da0ddcd91936a716696fba877df910b61d		LICENSE-APACHE@sha256:0d542e0c8804e39aa7f37eb00da5a762149dc682d7829451287e11b938e94594;LICENSE-MIT@sha256:c77a4cf9da729987d0fe7ccd811e3bd27393914ddf3d23467c18cc22954513b3
image-webp	0.2.4	registry+https://github.com/rust-lang/crates.io-index	525e9ff3e1a4be2fbea1fdf0e98686a6d98b4d8f937e1bf7402245af1909e8c3	MIT OR Apache-2.0	MIT OR Apache-2.0	https://github.com/image-rs/image-webp	08b57d473c90148dd4b37a075df365afc3dfcc2b		LICENSE-APACHE@sha256:0d542e0c8804e39aa7f37eb00da5a762149dc682d7829451287e11b938e94594;LICENSE-MIT@sha256:c77a4cf9da729987d0fe7ccd811e3bd27393914ddf3d23467c18cc22954513b3
indexmap	2.14.0	registry+https://github.com/rust-lang/crates.io-index	d466e9454f08e4a911e14806c24e16fba1b4c121d1ea474396f396069cf949d9	Apache-2.0 OR MIT	Apache-2.0 OR MIT	https://github.com/indexmap-rs/indexmap	bcd165baeb12bdf6e57a31d9869e9839e25679c6		LICENSE-APACHE@sha256:a60eea817514531668d7e00765731449fe14d059d3249e0bc93b36de45f759f2;LICENSE-MIT@sha256:ecc269ef87fd38a1d98e30bfac9ba964a9dbd9315c3770fed98d4d7cb5882055
libc	0.2.189	registry+https://github.com/rust-lang/crates.io-index	3eaf3ede3fee6db1a4c2ee091bf8a8b4dccdc6d17f656fb07896ee72867612f2	MIT OR Apache-2.0	MIT OR Apache-2.0	https://github.com/rust-lang/libc	ef0906e20828777175f65caa7e681a0ce33c559a		LICENSE-APACHE@sha256:62c7a1e35f56406896d7aa7ca52d0cc0d272ac022b5d2796e7d6905db8a3636a;LICENSE-MIT@sha256:123a331b5dbf04c30097fa43b8f858bc85df671fe776de498d01f3d6b7c1f69e
linux-raw-sys	0.12.1	registry+https://github.com/rust-lang/crates.io-index	32a66949e030da00e8c7d4434b251670a91556f4144941d37452769c25d58a53	Apache-2.0 WITH LLVM-exception OR Apache-2.0 OR MIT	Apache-2.0 WITH LLVM-exception OR Apache-2.0 OR MIT	https://github.com/sunfishcode/linux-raw-sys	0e2918cf3e366d9c923d4ca05f169b49d826db56		COPYRIGHT@sha256:3290ae0fbc9ddb77d2239121d710f0bb9d31b3b4744e6d97fe01e652b4c1870b;LICENSE-APACHE@sha256:a60eea817514531668d7e00765731449fe14d059d3249e0bc93b36de45f759f2;LICENSE-Apache-2.0_WITH_LLVM-exception@sha256:268872b9816f90fd8e85db5a28d33f8150ebb8dd016653fb39ef1f94f2686bc5;LICENSE-MIT@sha256:23f18e03dc49df91622fe2a76176497404e46ced8a715d9d2b67a7446571cca3
log	0.4.33	registry+https://github.com/rust-lang/crates.io-index	0ceec5bc11778974d1bcb055b18002eba7f4b3518b6a0081b3af5f21666da9ad	MIT OR Apache-2.0	MIT OR Apache-2.0	https://github.com/rust-lang/log	f405739f3a15a3f00680c793e1e1fa7e57d26ba4		LICENSE-APACHE@sha256:a60eea817514531668d7e00765731449fe14d059d3249e0bc93b36de45f759f2;LICENSE-MIT@sha256:6485b8ed310d3f0340bf1ad1f47645069ce4069dcc6bb46c7d5c6faf41de1fdb
memchr	2.8.3	registry+https://github.com/rust-lang/crates.io-index	cf8baf1c55e62ffcace7a9f06f4bd9cd3f0c4beb022d3b367256b91b87513d98	Unlicense OR MIT	Unlicense OR MIT	https://github.com/BurntSushi/memchr	5fdb40c054e1fff359a2f7bdf7f87a13b34b465d		COPYING@sha256:01c266bced4a434da0051174d6bee16a4c82cf634e2679b6155d40d75012390f;LICENSE-MIT@sha256:0f96a83840e146e43c0ec96a22ec1f392e0680e6c1226e6f3ba87e0740af850f
miniz_oxide	0.8.9	registry+https://github.com/rust-lang/crates.io-index	1fa76a2c86f704bdb222d66965fb3d63269ce38518b83cb0575fca855ebb6316	MIT OR Zlib OR Apache-2.0	MIT OR Zlib OR Apache-2.0	https://github.com/Frommi/miniz_oxide/tree/master/miniz_oxide	44e43c7786e379b2b1a7fde4aa0e63be719e583d	miniz_oxide	LICENSE@sha256:4108245a1f2df9d4e94df8abed5b4ba0759bb2f9b40a6b939f1be141077ae50b;LICENSE-APACHE.md@sha256:0d542e0c8804e39aa7f37eb00da5a762149dc682d7829451287e11b938e94594;LICENSE-MIT.md@sha256:799e9ca9d179295ef372f25d3769cdda7d25bb2668add6a6a1e22d1e4c678b8d;LICENSE-ZLIB.md@sha256:0a54e647fe54104658b5e563c04c6f9edf251710e47bce692e0bd990a4ddaa39
moxcms	0.7.11	registry+https://github.com/rust-lang/crates.io-index	ac9557c559cd6fc9867e122e20d2cbefc9ca29d80d027a8e39310920ed2f0a97	BSD-3-Clause OR Apache-2.0	BSD-3-Clause OR Apache-2.0	https://github.com/awxkee/moxcms.git	ce70195bb0f4a911671eea2695f9298d3e77ebe7		LICENSE-APACHE.md@sha256:90bf2d659c43045111b65c733ab2a6d4cbcb422a098368c8c58a9ba3db4ed0c5;LICENSE.md@sha256:2aa92cada6431e75615e3fe6cb1a9082c98f777d48ae1c087c0da0e37f7b8bff
nom	8.0.0	registry+https://github.com/rust-lang/crates.io-index	df9761775871bdef83bee530e60050f7e54b1105350d6884eb0fb4f46c2f9405	MIT	MIT	https://github.com/rust-bakery/nom	2cec1b3e4c9ccac62c902d60c00de6d1549ccbe1		LICENSE@sha256:4dbda04344456f09a7a588140455413a9ac59b6b26a1ef7cdf9c800c012d87f0
num-traits	0.2.19	registry+https://github.com/rust-lang/crates.io-index	071dfc062690e90b734c0b2273ce72ad0ffa95f0c74596bc250dcfd960262841	MIT OR Apache-2.0	MIT OR Apache-2.0	https://github.com/rust-num/num-traits	7ec3d41d39b28190ec1d42db38021107b3951f3a		LICENSE-APACHE@sha256:a60eea817514531668d7e00765731449fe14d059d3249e0bc93b36de45f759f2;LICENSE-MIT@sha256:6485b8ed310d3f0340bf1ad1f47645069ce4069dcc6bb46c7d5c6faf41de1fdb
os_pipe	1.2.3	registry+https://github.com/rust-lang/crates.io-index	7d8fae84b431384b68627d0f9b3b1245fcf9f46f6c0e3dc902e9dce64edd1967	MIT	MIT	https://github.com/oconnor663/os_pipe.rs	228ee175117faf1bf0cce99942ce579244215da4		LICENSE@sha256:8f71659370c5268d9a1dc962a46232540e8fca63462586d8efaa95aab492a208
petgraph	0.8.3	registry+https://github.com/rust-lang/crates.io-index	8701b58ea97060d5e5b155d383a69952a60943f0e6dfe30b04c287beb0b27455	MIT OR Apache-2.0	MIT OR Apache-2.0	https://github.com/petgraph/petgraph	162903562ce5b00cdba390a0d9c1bb80f1c75bf5		LICENSE-APACHE@sha256:a60eea817514531668d7e00765731449fe14d059d3249e0bc93b36de45f759f2;LICENSE-MIT@sha256:7576269ea71f767b99297934c0b2367532690f8c4badc695edf8e04ab6a1e545;assets/images/LICENSE.md@sha256:608fdcbb7daea2541c57228f21fc97deec310b19dafde70b2f4b84a96bf779f8
pkg-config	0.3.33	registry+https://github.com/rust-lang/crates.io-index	19f132c84eca552bf34cab8ec81f1c1dcc229b811638f9d283dceabe58c5569e	MIT OR Apache-2.0	MIT OR Apache-2.0	https://github.com/rust-lang/pkg-config-rs	f4ac872e02f9e2c111c55f3ed0eee6284d41d50f		LICENSE-APACHE@sha256:a60eea817514531668d7e00765731449fe14d059d3249e0bc93b36de45f759f2;LICENSE-MIT@sha256:378f5840b258e2779c39418f3f2d7b2ba96f1c7917dd6be0713f88305dbda397
png	0.18.1	registry+https://github.com/rust-lang/crates.io-index	60769b8b31b2a9f263dae2776c37b1b28ae246943cf719eb6946a1db05128a61	MIT OR Apache-2.0	MIT OR Apache-2.0	https://github.com/image-rs/image-png	2a3f980245e3ae38b82ade96533e7b450e8477bb		LICENSE-APACHE@sha256:a60eea817514531668d7e00765731449fe14d059d3249e0bc93b36de45f759f2;LICENSE-MIT@sha256:eaf40297c75da471f7cda1f3458e8d91b4b2ec866e609527a13acfa93b638652
proc-macro2	1.0.107	registry+https://github.com/rust-lang/crates.io-index	985e7ec9bb745e6ce6535b544d84d6cd6f7ad8bd711c398938ae983b91a766d9	MIT OR Apache-2.0	MIT OR Apache-2.0	https://github.com/dtolnay/proc-macro2	ed8a5497669cd63db33bf24646f261b012bbbc4a		LICENSE-APACHE@sha256:62c7a1e35f56406896d7aa7ca52d0cc0d272ac022b5d2796e7d6905db8a3636a;LICENSE-MIT@sha256:23f18e03dc49df91622fe2a76176497404e46ced8a715d9d2b67a7446571cca3
pxfm	0.1.30	registry+https://github.com/rust-lang/crates.io-index	d55d956fa96f5ec02be2e13af0e20391a5aa83d6a074e3ad368959d0fab299ea	BSD-3-Clause OR Apache-2.0	BSD-3-Clause OR Apache-2.0	https://github.com/awxkee/pxfm	acf7acd00cfc845307eda7b7b2de19e42303de82		LICENSE-APACHE.md@sha256:90bf2d659c43045111b65c733ab2a6d4cbcb422a098368c8c58a9ba3db4ed0c5;LICENSE.md@sha256:2aa92cada6431e75615e3fe6cb1a9082c98f777d48ae1c087c0da0e37f7b8bff
quick-error	2.0.1	registry+https://github.com/rust-lang/crates.io-index	a993555f31e5a609f617c12db6250dedcac1b0a85076912c436e6fc9b2c8e6a3	MIT/Apache-2.0	MIT OR Apache-2.0	http://github.com/tailhook/quick-error	25ab982bb0c43130ae48485151f4a232eeab7d0c		LICENSE-APACHE@sha256:c6596eb7be8581c18be736c846fb9173b69eccf6ef94c5135893ec56bd92ba08;LICENSE-MIT@sha256:058f01fe181608d027fcde7e528fc03ea3cf90f30903c407644b0a9bbc54f500
quick-xml	0.41.0	registry+https://github.com/rust-lang/crates.io-index	e660451e55124f798a69a5af3f49ccfbefbd41910eefd25caf2393e1f3473ec1	MIT	MIT	https://github.com/tafia/quick-xml	4deda08abeffdc188c269360229cf47e12a77a9f		LICENSE-MIT.md@sha256:5b2c207dcf571267ebe0bbdd5bf321f561ddc22ff597e7b363e96f4539507a29
quote	1.0.47	registry+https://github.com/rust-lang/crates.io-index	1fbf4db142a473a8d80c26bbf18454ed458bf8d26c8219c331daecfdbd079001	MIT OR Apache-2.0	MIT OR Apache-2.0	https://github.com/dtolnay/quote	723dcb47d3f0ddc896e17287c8a8d3f2ea2317d5		LICENSE-APACHE@sha256:62c7a1e35f56406896d7aa7ca52d0cc0d272ac022b5d2796e7d6905db8a3636a;LICENSE-MIT@sha256:23f18e03dc49df91622fe2a76176497404e46ced8a715d9d2b67a7446571cca3
rustix	1.1.4	registry+https://github.com/rust-lang/crates.io-index	b6fe4565b9518b83ef4f91bb47ce29620ca828bd32cb7e408f0062e9930ba190	Apache-2.0 WITH LLVM-exception OR Apache-2.0 OR MIT	Apache-2.0 WITH LLVM-exception OR Apache-2.0 OR MIT	https://github.com/bytecodealliance/rustix	c4caf5caaa7e93828a2e4a4cdba1dd0171e45717		COPYRIGHT@sha256:377c2e7c53250cc5905c0b0532d35973392af16ffb9596a41d99d202cf3617c9;LICENSE-APACHE@sha256:a60eea817514531668d7e00765731449fe14d059d3249e0bc93b36de45f759f2;LICENSE-Apache-2.0_WITH_LLVM-exception@sha256:268872b9816f90fd8e85db5a28d33f8150ebb8dd016653fb39ef1f94f2686bc5;LICENSE-MIT@sha256:23f18e03dc49df91622fe2a76176497404e46ced8a715d9d2b67a7446571cca3
shlex	2.0.1	registry+https://github.com/rust-lang/crates.io-index	f8fadd59c855ef2080decdef8ff161eb6661b86933c9d82e5ba29dc602a55aba	MIT OR Apache-2.0	MIT OR Apache-2.0	https://github.com/comex/rust-shlex	e82b1411beb7c92871c2c078c9ab415bbcf207ef		LICENSE-APACHE@sha256:553fffcd9b1cb158bc3e9edc35da85ca5c3b3d7d2e61c883ebcfa8a65814b583;LICENSE-MIT@sha256:4455bf75a91154108304cb283e0fea9948c14f13e20d60887cf2552449dea3b1
simd-adler32	0.3.10	registry+https://github.com/rust-lang/crates.io-index	3a219298ac11a56ea9a6d2120044824d6f01aeb034955e7af7bc16858527deea	MIT	MIT	https://github.com/mcountryman/simd-adler32	d93164f98d7fe2daf883f2e1bec82778dd26199a		LICENSE.md@sha256:42a35170233e83e18856792e748de4c1ce4a63b2afce9a370c89ef3fe23f9f2d
smallvec	1.15.2	registry+https://github.com/rust-lang/crates.io-index	8ed6a63f02c8539c91a8685a86f4099661ba3da017932f6ebbea6de3f0fa7c90	MIT OR Apache-2.0	MIT OR Apache-2.0	https://github.com/servo/rust-smallvec	c469051a1ba05ef1a03dd69e14b4a5aa329e6f10		LICENSE-APACHE@sha256:a60eea817514531668d7e00765731449fe14d059d3249e0bc93b36de45f759f2;LICENSE-MIT@sha256:0b28172679e0009b655da42797c03fd163a3379d5cfa67ba1f1655e974a2a1a9
syn	2.0.119	registry+https://github.com/rust-lang/crates.io-index	872831b642d1a07999a962a351ed35b955ea2cfc8f3862091e2a240a84f17297	MIT OR Apache-2.0	MIT OR Apache-2.0	https://github.com/dtolnay/syn	3295f9e9841785ac88a5e558c884854d5fb7d67f		LICENSE-APACHE@sha256:62c7a1e35f56406896d7aa7ca52d0cc0d272ac022b5d2796e7d6905db8a3636a;LICENSE-MIT@sha256:23f18e03dc49df91622fe2a76176497404e46ced8a715d9d2b67a7446571cca3
syn	3.0.3	registry+https://github.com/rust-lang/crates.io-index	53e9bae58849f64dfa4f5d5ae372c8341f7305f82a3868709269343628b659a3	MIT OR Apache-2.0	MIT OR Apache-2.0	https://github.com/dtolnay/syn	23dbaab4b0c43f56cd803894054cf366661e53b0		LICENSE-APACHE@sha256:62c7a1e35f56406896d7aa7ca52d0cc0d272ac022b5d2796e7d6905db8a3636a;LICENSE-MIT@sha256:23f18e03dc49df91622fe2a76176497404e46ced8a715d9d2b67a7446571cca3
thiserror	2.0.20	registry+https://github.com/rust-lang/crates.io-index	ec86235f5fcc2a73650310756d2ac5b138a5780bbbdfae3eeccec992c435ba4f	MIT OR Apache-2.0	MIT OR Apache-2.0	https://github.com/dtolnay/thiserror	b1d5db5e039275d95bf7536a2b2192aeb4dc28bf		LICENSE-APACHE@sha256:62c7a1e35f56406896d7aa7ca52d0cc0d272ac022b5d2796e7d6905db8a3636a;LICENSE-MIT@sha256:23f18e03dc49df91622fe2a76176497404e46ced8a715d9d2b67a7446571cca3
thiserror-impl	2.0.20	registry+https://github.com/rust-lang/crates.io-index	bc04cd3e1236dd4a98afca4569f2deb3f120e5422a4023be2cb683f8486292af	MIT OR Apache-2.0	MIT OR Apache-2.0	https://github.com/dtolnay/thiserror	b1d5db5e039275d95bf7536a2b2192aeb4dc28bf	impl	LICENSE-APACHE@sha256:62c7a1e35f56406896d7aa7ca52d0cc0d272ac022b5d2796e7d6905db8a3636a;LICENSE-MIT@sha256:23f18e03dc49df91622fe2a76176497404e46ced8a715d9d2b67a7446571cca3
tiff	0.10.3	registry+https://github.com/rust-lang/crates.io-index	af9605de7fee8d9551863fd692cce7637f548dbd9db9180fcc07ccc6d26c336f	MIT	MIT	https://github.com/image-rs/image-tiff	695208cffe1ba8623fe4576584bcc87e13b63b65		LICENSE@sha256:20c097d0de27e2adc179140a3d542091951a030699c7e1c78655f2a2d08d4e3e;tests/COPYRIGHT@sha256:c341a79df284be8a0321dabda4aa1aeea053b55b4e0db827940c221fcaf29b7b
tree_magic_mini	3.2.2	registry+https://github.com/rust-lang/crates.io-index	b8765b90061cba6c22b5831f675da109ae5561588290f9fa2317adab2714d5a6	MIT	MIT	https://github.com/mbrubeck/tree_magic/	75bf1b01dc81d5c0b3377a3202792fa83097872c		LICENSE@sha256:a7cea8a5a56ba02950d098a7c56eed312fc745ceecd437e4aad2f7f8d38661b8
unicode-ident	1.0.24	registry+https://github.com/rust-lang/crates.io-index	e6e4313cd5fcd3dad5cafa179702e2b244f760991f45397d14d4ebf38247da75	(MIT OR Apache-2.0) AND Unicode-3.0	(MIT OR Apache-2.0) AND Unicode-3.0	https://github.com/dtolnay/unicode-ident	5b54a632702b5744a1c40ea01c127c0ac0498172		LICENSE-APACHE@sha256:62c7a1e35f56406896d7aa7ca52d0cc0d272ac022b5d2796e7d6905db8a3636a;LICENSE-MIT@sha256:23f18e03dc49df91622fe2a76176497404e46ced8a715d9d2b67a7446571cca3;LICENSE-UNICODE@sha256:f7db81051789b729fea528a63ec4c938fdcb93d9d61d97dc8cc2e9df6d47f2a1
wayland-backend	0.3.16	registry+https://github.com/rust-lang/crates.io-index	016ccf01d1c58b6f8999612813e17c9b2390f7d70671428869913310f83f54b8	MIT	MIT	https://github.com/smithay/wayland-rs	05196740da57e41b60a9e9f8e35079e9bd29b89a	wayland-backend	LICENSE.txt@sha256:1cb6f4dee8c649f175736380495f0af0c753c87f22d50931692968bb24bf2161
wayland-client	0.31.15	registry+https://github.com/rust-lang/crates.io-index	e3c36a0f861ad76d0901f2800b46321410d9f73f2ea88aac0650d86c32688073	MIT	MIT	https://github.com/smithay/wayland-rs	05196740da57e41b60a9e9f8e35079e9bd29b89a	wayland-client	LICENSE.txt@sha256:1cb6f4dee8c649f175736380495f0af0c753c87f22d50931692968bb24bf2161
wayland-protocols	0.32.13	registry+https://github.com/rust-lang/crates.io-index	23d0c813de3daa2ed6520af85a3bd49b0e722a3078506899aa9686fea58dc4b6	MIT	MIT	https://github.com/smithay/wayland-rs	661cf141f5de4ec83559125b3d8bb1c79f25116b	wayland-protocols	LICENSE.txt@sha256:1cb6f4dee8c649f175736380495f0af0c753c87f22d50931692968bb24bf2161;protocols/COPYING@sha256:f1a2b233e8a9a71c40f4aa885be08a0842ac85bb8588703c1dd7e6e6502e3124
wayland-protocols-wlr	0.3.12	registry+https://github.com/rust-lang/crates.io-index	eb04e52f7836d7c7976c78ca0250d61e33873c34156a2a1fc9474828ec268234	MIT	MIT	https://github.com/smithay/wayland-rs	a3d7927d87799b2955bf491b51c7c2a3a82da661	wayland-protocols-wlr	LICENSE.txt@sha256:1cb6f4dee8c649f175736380495f0af0c753c87f22d50931692968bb24bf2161
wayland-scanner	0.31.11	registry+https://github.com/rust-lang/crates.io-index	338e30461b3a2b67d70eb30a6d89f8e0c93a833e07d2ae89085cd070c4a00ac0	MIT	MIT	https://github.com/smithay/wayland-rs	05196740da57e41b60a9e9f8e35079e9bd29b89a	wayland-scanner	LICENSE.txt@sha256:1cb6f4dee8c649f175736380495f0af0c753c87f22d50931692968bb24bf2161
wayland-sys	0.31.11	registry+https://github.com/rust-lang/crates.io-index	d8eab23fefc9e41f8e841df4a9c707e8a8c4ed26e944ef69297184de2785e3be	MIT	MIT	https://github.com/smithay/wayland-rs	a3d7927d87799b2955bf491b51c7c2a3a82da661	wayland-sys	LICENSE.txt@sha256:1cb6f4dee8c649f175736380495f0af0c753c87f22d50931692968bb24bf2161
weezl	0.1.12	registry+https://github.com/rust-lang/crates.io-index	a28ac98ddc8b9274cb41bb4d9d4d5c425b6020c50c46f25559911905610b4a88	MIT OR Apache-2.0	MIT OR Apache-2.0	https://github.com/image-rs/weezl	c75ea1f6d935cc56bad8674396b7cb0dd7275f99		LICENSE-APACHE@sha256:769f80b5bcb42ed0af4e4d2fd74e1ac9bf843cb80c5a29219d1ef3544428a6bb;LICENSE-MIT@sha256:573f5227db835cd30bbdd3aed3f82615f80119a4d5c82b4daf642dbfe2b6afde
wl-clipboard-rs	0.9.3	registry+https://github.com/rust-lang/crates.io-index	e9651471a32e87d96ef3a127715382b2d11cc7c8bb9822ded8a7cc94072eb0a3	MIT/Apache-2.0	MIT OR Apache-2.0	https://github.com/YaLTeR/wl-clipboard-rs	2f6a8852665bd1891a3f3ffa204e62b0f588ef95		LICENSE-APACHE@sha256:a60eea817514531668d7e00765731449fe14d059d3249e0bc93b36de45f759f2;LICENSE-MIT@sha256:d0235d2a1f657b6fd18fd4ce98988348969a9284d94281b6d117830aa259a07a
zerocopy	0.8.56	registry+https://github.com/rust-lang/crates.io-index	556764e583adb45a9f8d413c2a147fa7e8d821e48e12b14fd560b607998b75eb	BSD-2-Clause OR Apache-2.0 OR MIT	BSD-2-Clause OR Apache-2.0 OR MIT	https://github.com/google/zerocopy	6dc429c451bdf1d7202ec1ec2cf426514e00d8eb	zerocopy	LICENSE-APACHE@sha256:9d185ac6703c4b0453974c0d85e9eee43e6941009296bb1f5eb0b54e2329e9f3;LICENSE-BSD@sha256:83c1763356e822adde0a2cae748d938a73fdc263849ccff6b27776dff213bd32;LICENSE-MIT@sha256:1a2f5c12ddc934d58956aa5dbdd3255fe55fd957633ab7d0d39e4f0daa73f7df
zerocopy-derive	0.8.56	registry+https://github.com/rust-lang/crates.io-index	f2ab42fc20575779bd240faa45f94a74256f755c0fa9e89f0ede20d91d0cdfc1	BSD-2-Clause OR Apache-2.0 OR MIT	BSD-2-Clause OR Apache-2.0 OR MIT	https://github.com/google/zerocopy	6dc429c451bdf1d7202ec1ec2cf426514e00d8eb	zerocopy/zerocopy-derive	LICENSE-APACHE@sha256:9d185ac6703c4b0453974c0d85e9eee43e6941009296bb1f5eb0b54e2329e9f3;LICENSE-BSD@sha256:83c1763356e822adde0a2cae748d938a73fdc263849ccff6b27776dff213bd32;LICENSE-MIT@sha256:1a2f5c12ddc934d58956aa5dbdd3255fe55fd957633ab7d0d39e4f0daa73f7df
zeroize	1.8.2	registry+https://github.com/rust-lang/crates.io-index	b97154e67e32c85465826e8bcc1c59429aaaf107c1e4a9e53c8d8ccd5eff88d0	Apache-2.0 OR MIT	Apache-2.0 OR MIT	https://github.com/RustCrypto/utils	c100874101bfd584870de5dde1b13dd92a17bf48	zeroize	LICENSE-APACHE@sha256:cfc7749b96f63bd31c3c42b5c471bf756814053e847c10f3eb003417bc523d30;LICENSE-MIT@sha256:0b04ee3ce0021a922f43f37a17fee09a5a1ee6d1f4e149d5bf75b72395a49c72
zune-core	0.4.12	registry+https://github.com/rust-lang/crates.io-index	3f423a2c17029964870cfaabb1f13dfab7d092a62a29a89264f4d36990ca414a	MIT OR Apache-2.0 OR Zlib	MIT OR Apache-2.0 OR Zlib		f8fbb123d5ed04441e8324a555bfcda0cb1bd28f	crates/zune-core	fallback:LICENSES/upstream/cargo-fallbacks/zune-core-0.4.12-LICENSE.md@sha256:7f3a1f49123d3cdc27e9484ea62d1e64f685ee2b141e1fb2e2627189e7e5466b;fallback:LICENSES/upstream/cargo-fallbacks/zune-core-0.4.12-LICENSE-ZLIB@sha256:7fa429541e55b1509909e058f2d21a37467e4958ec713b357f6e0cf9dc4ee352
zune-jpeg	0.4.21	registry+https://github.com/rust-lang/crates.io-index	29ce2c8a9384ad323cf564b67da86e21d3cfdff87908bc1223ed5c99bc792713	MIT OR Apache-2.0 OR Zlib	MIT OR Apache-2.0 OR Zlib	https://github.com/etemesi254/zune-image/tree/dev/crates/zune-jpeg	fa2c767a01d7d9373911d0bf63e0588553d67e0e	crates/zune-jpeg	fallback:LICENSES/upstream/cargo-fallbacks/zune-jpeg-0.4.21-LICENSE.md@sha256:7f3a1f49123d3cdc27e9484ea62d1e64f685ee2b141e1fb2e2627189e7e5466b;fallback:LICENSES/upstream/cargo-fallbacks/zune-jpeg-0.4.21-LICENSE-ZLIB@sha256:7fa429541e55b1509909e058f2d21a37467e4958ec713b357f6e0cf9dc4ee352
