# graph=guest-shell	target=x86_64-unknown-linux-gnu	lock_sha256=11872837afdcb665b84f59bedbd2a6a769caa175b7b69bf9b81cdf06ffc49969	external_packages=162
name	version	source	checksum	license	normalized_license	repository	vcs_commit	path_in_vcs	notice_files
accesskit	0.24.1	registry+https://github.com/rust-lang/crates.io-index	d3b7f7f85a7e5f68090000ed7622545829afd484d210358702ae4cb97dd0c320	MIT OR Apache-2.0	MIT OR Apache-2.0	https://github.com/AccessKit/accesskit	a55d3e1a18bb9ef0e4bccc9083fb13c3e0ad8969	common	fallback:LICENSES/upstream/cargo-fallbacks/accesskit-LICENSE-APACHE@sha256:62c7a1e35f56406896d7aa7ca52d0cc0d272ac022b5d2796e7d6905db8a3636a;fallback:LICENSES/upstream/cargo-fallbacks/accesskit-LICENSE-MIT@sha256:23f18e03dc49df91622fe2a76176497404e46ced8a715d9d2b67a7446571cca3;fallback:LICENSES/upstream/cargo-fallbacks/accesskit-LICENSE.chromium@sha256:845022e0c1db1abb41a6ba4cd3c4b674ec290f3359d9d3c78ae558d4c0ed9308
accesskit_atspi_common	0.19.1	registry+https://github.com/rust-lang/crates.io-index	023da0e5097f46df7092d5280b02efb9bbf8d93298daeced42652463e357d636	MIT OR Apache-2.0	MIT OR Apache-2.0	https://github.com/AccessKit/accesskit	c88605b96d04431f9c3c792464a0f2f253480e94	platforms/atspi-common	fallback:LICENSES/upstream/cargo-fallbacks/accesskit-LICENSE-APACHE@sha256:62c7a1e35f56406896d7aa7ca52d0cc0d272ac022b5d2796e7d6905db8a3636a;fallback:LICENSES/upstream/cargo-fallbacks/accesskit-LICENSE-MIT@sha256:23f18e03dc49df91622fe2a76176497404e46ced8a715d9d2b67a7446571cca3;fallback:LICENSES/upstream/cargo-fallbacks/accesskit-LICENSE.chromium@sha256:845022e0c1db1abb41a6ba4cd3c4b674ec290f3359d9d3c78ae558d4c0ed9308
accesskit_consumer	0.38.0	registry+https://github.com/rust-lang/crates.io-index	5d10a236f96f87d70732e44520046785431ef01d5bcd6b041317bfadd2f88245	MIT OR Apache-2.0	MIT OR Apache-2.0	https://github.com/AccessKit/accesskit	c88605b96d04431f9c3c792464a0f2f253480e94	consumer	fallback:LICENSES/upstream/cargo-fallbacks/accesskit-LICENSE-APACHE@sha256:62c7a1e35f56406896d7aa7ca52d0cc0d272ac022b5d2796e7d6905db8a3636a;fallback:LICENSES/upstream/cargo-fallbacks/accesskit-LICENSE-MIT@sha256:23f18e03dc49df91622fe2a76176497404e46ced8a715d9d2b67a7446571cca3;fallback:LICENSES/upstream/cargo-fallbacks/accesskit-LICENSE.chromium@sha256:845022e0c1db1abb41a6ba4cd3c4b674ec290f3359d9d3c78ae558d4c0ed9308
accesskit_unix	0.22.1	registry+https://github.com/rust-lang/crates.io-index	03e156ed3802e35eefe894ef2671bc6c889303d8a7e110b5e1b48f504b91362f	MIT OR Apache-2.0	MIT OR Apache-2.0	https://github.com/AccessKit/accesskit	c88605b96d04431f9c3c792464a0f2f253480e94	platforms/unix	fallback:LICENSES/upstream/cargo-fallbacks/accesskit-LICENSE-APACHE@sha256:62c7a1e35f56406896d7aa7ca52d0cc0d272ac022b5d2796e7d6905db8a3636a;fallback:LICENSES/upstream/cargo-fallbacks/accesskit-LICENSE-MIT@sha256:23f18e03dc49df91622fe2a76176497404e46ced8a715d9d2b67a7446571cca3;fallback:LICENSES/upstream/cargo-fallbacks/accesskit-LICENSE.chromium@sha256:845022e0c1db1abb41a6ba4cd3c4b674ec290f3359d9d3c78ae558d4c0ed9308
adler2	2.0.1	registry+https://github.com/rust-lang/crates.io-index	320119579fcad9c21884f5c4861d16174d0e06250625266f50fe6898340abefa	0BSD OR MIT OR Apache-2.0	0BSD OR MIT OR Apache-2.0	https://github.com/oyvindln/adler2	89a031a0f42eeff31c70dc598b398cbf31f1680f		LICENSE-0BSD@sha256:861399f8c21c042b110517e76dc6b63a2b334276c8cf17412fc3c8908ca8dc17;LICENSE-APACHE@sha256:8ada45cd9f843acf64e4722ae262c622a2b3b3007c7310ef36ac1061a30f6adb;LICENSE-MIT@sha256:23f18e03dc49df91622fe2a76176497404e46ced8a715d9d2b67a7446571cca3
allocator-api2	0.2.21	registry+https://github.com/rust-lang/crates.io-index	683d7910e743518b0e34f1186f92494becacb047c7b6bf616c96772180fef923	MIT OR Apache-2.0	MIT OR Apache-2.0	https://github.com/zakarumych/allocator-api2	63cd7fcc2f8854b5821c7054d026e8a4647acde1		LICENSE-APACHE@sha256:20fe7b00e904ed690e3b9fd6073784d3fc428141dbd10b81c01fd143d0797f58;LICENSE-MIT@sha256:36516aefdc84c5d5a1e7485425913a22dbda69eb1930c5e84d6ae4972b5194b9
anyhow	1.0.104	registry+https://github.com/rust-lang/crates.io-index	330a5ed07fa54e4702c9d6c4174f74427fc0ef6e214bbd677ae50a5099946470	MIT OR Apache-2.0	MIT OR Apache-2.0	https://github.com/dtolnay/anyhow	1dbe1862aae650423e3361fbd20b7d17c5109cc3		LICENSE-APACHE@sha256:62c7a1e35f56406896d7aa7ca52d0cc0d272ac022b5d2796e7d6905db8a3636a;LICENSE-MIT@sha256:23f18e03dc49df91622fe2a76176497404e46ced8a715d9d2b67a7446571cca3
arrayref	0.3.9	registry+https://github.com/rust-lang/crates.io-index	76a2e8124351fda1ef8aaaa3bbd7ebbcb486bbcd4225aca0aa0d84bb2db8fecb	BSD-2-Clause	BSD-2-Clause	https://github.com/droundy/arrayref	f8d0299d863922db6c409d08098941e833b70d69		LICENSE@sha256:1bc7e6f475b3ec99b7e2643411950ae2368c250dd4c5c325f80f9811362a94a1
arrayvec	0.7.8	registry+https://github.com/rust-lang/crates.io-index	d3fb67a6e08acf24fdeccbac2cb6ac4305825bd1f117462e0e6f2f193345ad56	MIT OR Apache-2.0	MIT OR Apache-2.0	https://github.com/bluss/arrayvec	0cb664cf505844348538230479b0040b44f3faf1		LICENSE-APACHE@sha256:a60eea817514531668d7e00765731449fe14d059d3249e0bc93b36de45f759f2;LICENSE-MIT@sha256:4da95ec4ecb65b738d470b7d762894ad9c97da93e6cbfb18b570fc2c96f4b871
async-broadcast	0.7.2	registry+https://github.com/rust-lang/crates.io-index	435a87a52755b8f27fcf321ac4f04b2802e337c8c4872923137471ec39c37532	MIT OR Apache-2.0	MIT OR Apache-2.0	https://github.com/smol-rs/async-broadcast	f7a99132b7e12cb03945013df78b93a35ceafbc1		LICENSE-APACHE@sha256:e4705ddab847449a2cdcb3c88b005ea10330aa249d9148ca2eef9c84c5d29895;LICENSE-MIT@sha256:24e5860bf589d8501643e6ea51ffb3df66db2867492b09033d486183efbfa970
async-channel	2.5.0	registry+https://github.com/rust-lang/crates.io-index	924ed96dd52d1b75e9c1a3e6275715fd320f5f9439fb5a4a11fa51f4221158d2	Apache-2.0 OR MIT	Apache-2.0 OR MIT	https://github.com/smol-rs/async-channel	35a63c456aaa1906015f5a825e7e35505a749afa		LICENSE-APACHE@sha256:a60eea817514531668d7e00765731449fe14d059d3249e0bc93b36de45f759f2;LICENSE-MIT@sha256:23f18e03dc49df91622fe2a76176497404e46ced8a715d9d2b67a7446571cca3
async-executor	1.14.0	registry+https://github.com/rust-lang/crates.io-index	c96bf972d85afc50bf5ab8fe2d54d1586b4e0b46c97c50a0c9e71e2f7bcd812a	Apache-2.0 OR MIT	Apache-2.0 OR MIT	https://github.com/smol-rs/async-executor	543403e773ec4941a6272e29c2ff649bfd01a4f8		LICENSE-APACHE@sha256:a60eea817514531668d7e00765731449fe14d059d3249e0bc93b36de45f759f2;LICENSE-MIT@sha256:23f18e03dc49df91622fe2a76176497404e46ced8a715d9d2b67a7446571cca3
async-io	2.6.0	registry+https://github.com/rust-lang/crates.io-index	456b8a8feb6f42d237746d4b3e9a178494627745c3c56c6ea55d92ba50d026fc	Apache-2.0 OR MIT	Apache-2.0 OR MIT	https://github.com/smol-rs/async-io	576b470ca3cadefdec8b169279df23c9a0a63495		LICENSE-APACHE@sha256:a60eea817514531668d7e00765731449fe14d059d3249e0bc93b36de45f759f2;LICENSE-MIT@sha256:23f18e03dc49df91622fe2a76176497404e46ced8a715d9d2b67a7446571cca3
async-lock	3.4.2	registry+https://github.com/rust-lang/crates.io-index	290f7f2596bd5b78a9fec8088ccd89180d7f9f55b94b0576823bbbdc72ee8311	Apache-2.0 OR MIT	Apache-2.0 OR MIT	https://github.com/smol-rs/async-lock	f07ba65a02ec3eca32fa95e6d13dc754d619bb35		LICENSE-APACHE@sha256:a60eea817514531668d7e00765731449fe14d059d3249e0bc93b36de45f759f2;LICENSE-MIT@sha256:23f18e03dc49df91622fe2a76176497404e46ced8a715d9d2b67a7446571cca3
async-process	2.5.0	registry+https://github.com/rust-lang/crates.io-index	fc50921ec0055cdd8a16de48773bfeec5c972598674347252c0399676be7da75	Apache-2.0 OR MIT	Apache-2.0 OR MIT	https://github.com/smol-rs/async-process	81112a911898d607d176d37b85f56a1da0061455		LICENSE-APACHE@sha256:a60eea817514531668d7e00765731449fe14d059d3249e0bc93b36de45f759f2;LICENSE-MIT@sha256:23f18e03dc49df91622fe2a76176497404e46ced8a715d9d2b67a7446571cca3
async-recursion	1.1.1	registry+https://github.com/rust-lang/crates.io-index	3b43422f69d8ff38f95f1b2bb76517c91589a924d1559a0e935d7c8ce0274c11	MIT OR Apache-2.0	MIT OR Apache-2.0	https://github.com/dcchut/async-recursion	3254b12e384f7688f9a1b95c54cfa07fe82baee7		LICENSE-APACHE@sha256:769f80b5bcb42ed0af4e4d2fd74e1ac9bf843cb80c5a29219d1ef3544428a6bb;LICENSE-MIT@sha256:30fefc3a7d6a0041541858293bcbea2dde4caa4c0a5802f996a7f7e8c0085652
async-signal	0.2.14	registry+https://github.com/rust-lang/crates.io-index	52b5aaafa020cf5053a01f2a60e8ff5dccf550f0f77ec54a4e47285ac2bab485	Apache-2.0 OR MIT	Apache-2.0 OR MIT	https://github.com/smol-rs/async-signal	d750e57adccbd90c4c4e93d184aeabcf5b22f057		LICENSE-APACHE@sha256:a60eea817514531668d7e00765731449fe14d059d3249e0bc93b36de45f759f2;LICENSE-MIT@sha256:23f18e03dc49df91622fe2a76176497404e46ced8a715d9d2b67a7446571cca3
async-task	4.7.1	registry+https://github.com/rust-lang/crates.io-index	8b75356056920673b02621b35afd0f7dda9306d03c79a30f5c56c44cf256e3de	Apache-2.0 OR MIT	Apache-2.0 OR MIT	https://github.com/smol-rs/async-task	3065c372e1ef1611230195ad7f3aae80ffde8261		LICENSE-APACHE@sha256:a60eea817514531668d7e00765731449fe14d059d3249e0bc93b36de45f759f2;LICENSE-MIT@sha256:23f18e03dc49df91622fe2a76176497404e46ced8a715d9d2b67a7446571cca3
async-trait	0.1.92	registry+https://github.com/rust-lang/crates.io-index	82f6aeea286b8eb4dd3431a1be1b59d290ace00f5bfd8e2a159bc2a05e2c1667	MIT OR Apache-2.0	MIT OR Apache-2.0	https://github.com/dtolnay/async-trait	82e7e9edd60f622294373a23c0ce9c0077ad0263		LICENSE-APACHE@sha256:62c7a1e35f56406896d7aa7ca52d0cc0d272ac022b5d2796e7d6905db8a3636a;LICENSE-MIT@sha256:23f18e03dc49df91622fe2a76176497404e46ced8a715d9d2b67a7446571cca3
atomic-waker	1.1.2	registry+https://github.com/rust-lang/crates.io-index	1505bd5d3d116872e7271a6d4e16d81d0c8570876c8de68093a09ac269d8aac0	Apache-2.0 OR MIT	Apache-2.0 OR MIT	https://github.com/smol-rs/atomic-waker	9969a29ccd1fe298e2df7346849c0095ba303a64		LICENSE-APACHE@sha256:a60eea817514531668d7e00765731449fe14d059d3249e0bc93b36de45f759f2;LICENSE-MIT@sha256:23f18e03dc49df91622fe2a76176497404e46ced8a715d9d2b67a7446571cca3;LICENSE-THIRD-PARTY@sha256:6226d0632e2e1a80c23597e964da9812ae193c535fe058154afb034e94167aa5
atspi	0.29.0	registry+https://github.com/rust-lang/crates.io-index	c77886257be21c9cd89a4ae7e64860c6f0eefca799bb79127913052bd0eefb3d	Apache-2.0 OR MIT	Apache-2.0 OR MIT	https://github.com/odilia-app/atspi	f486755b9bf993613f63a779133aafc54925004a	atspi	LICENSE-APACHE2.txt@sha256:50e6751797c50dedd75ef1b8a0d9e42f5f8472e9fbce91f34718e9f97b0c780a;LICENSE-MIT.txt@sha256:a94bf521d21b7db984c8b141b6f9341bbedbe24e617c1a55d952f8ef613ef1cd
atspi-common	0.13.0	registry+https://github.com/rust-lang/crates.io-index	20c5617155740c98003016429ad13fe43ce7a77b007479350a9f8bf95a29f63d	Apache-2.0 OR MIT	Apache-2.0 OR MIT	https://github.com/odilia-app/atspi	f486755b9bf993613f63a779133aafc54925004a	atspi-common	LICENSE-APACHE2.txt@sha256:50e6751797c50dedd75ef1b8a0d9e42f5f8472e9fbce91f34718e9f97b0c780a;LICENSE-MIT.txt@sha256:a94bf521d21b7db984c8b141b6f9341bbedbe24e617c1a55d952f8ef613ef1cd
atspi-proxies	0.13.0	registry+https://github.com/rust-lang/crates.io-index	2230e48787ed3eb4088996eab66a32ca20c0b67bbd4fd6cdfe79f04f1f04c9fc	Apache-2.0 OR MIT	Apache-2.0 OR MIT	https://github.com/odilia-app/atspi	f486755b9bf993613f63a779133aafc54925004a	atspi-proxies	LICENSE-APACHE2.txt@sha256:50e6751797c50dedd75ef1b8a0d9e42f5f8472e9fbce91f34718e9f97b0c780a;LICENSE-MIT.txt@sha256:a94bf521d21b7db984c8b141b6f9341bbedbe24e617c1a55d952f8ef613ef1cd
autocfg	1.5.1	registry+https://github.com/rust-lang/crates.io-index	f2032f911046de80f0a198e0901378627c33f59ea0ac00e363d481118bd70a53	Apache-2.0 OR MIT	Apache-2.0 OR MIT	https://github.com/cuviper/autocfg	2799b09c24e6632f8e653c5cd8fc303e85a906ba		LICENSE-APACHE@sha256:a60eea817514531668d7e00765731449fe14d059d3249e0bc93b36de45f759f2;LICENSE-MIT@sha256:27995d58ad5c1145c1a8cd86244ce844886958a35eb2b78c6b772748669999ac
base64	0.22.1	registry+https://github.com/rust-lang/crates.io-index	72b3254f16251a8381aa12e40e3c4d2f0199f8c6508fbecb9d91f575e0fbb8c6	MIT OR Apache-2.0	MIT OR Apache-2.0	https://github.com/marshallpierce/rust-base64	e14400697453bcc85997119b874bc03d9601d0af		LICENSE-APACHE@sha256:a60eea817514531668d7e00765731449fe14d059d3249e0bc93b36de45f759f2;LICENSE-MIT@sha256:0dd882e53de11566d50f8e8e2d5a651bcf3fabee4987d70f306233cf39094ba7
bitflags	1.3.2	registry+https://github.com/rust-lang/crates.io-index	bef38d45163c2f1dde094a7dfd33ccf595c92905c8f8f4fdc18d06fb1037718a	MIT/Apache-2.0	MIT OR Apache-2.0	https://github.com/bitflags/bitflags	ed185cfb1c447c1b4bd6ac021c9ec3bb02c9e2f2		LICENSE-APACHE@sha256:a60eea817514531668d7e00765731449fe14d059d3249e0bc93b36de45f759f2;LICENSE-MIT@sha256:6485b8ed310d3f0340bf1ad1f47645069ce4069dcc6bb46c7d5c6faf41de1fdb
bitflags	2.13.1	registry+https://github.com/rust-lang/crates.io-index	b588b76d00fde79687d7646a9b5bdf3cc0f655e0bbd080335a95d7e96f3587da	MIT OR Apache-2.0	MIT OR Apache-2.0	https://github.com/bitflags/bitflags	f92a2921b41644b02ca5d50a6ace542e309e6a6f		LICENSE-APACHE@sha256:a60eea817514531668d7e00765731449fe14d059d3249e0bc93b36de45f759f2;LICENSE-MIT@sha256:6485b8ed310d3f0340bf1ad1f47645069ce4069dcc6bb46c7d5c6faf41de1fdb
blocking	1.6.2	registry+https://github.com/rust-lang/crates.io-index	e83f8d02be6967315521be875afa792a316e28d57b5a2d401897e2a7921b7f21	Apache-2.0 OR MIT	Apache-2.0 OR MIT	https://github.com/smol-rs/blocking	6c4eddec184c36ebf01db23a640109bd98cd3707		LICENSE-APACHE@sha256:a60eea817514531668d7e00765731449fe14d059d3249e0bc93b36de45f759f2;LICENSE-MIT@sha256:23f18e03dc49df91622fe2a76176497404e46ced8a715d9d2b67a7446571cca3
bytemuck	1.25.2	registry+https://github.com/rust-lang/crates.io-index	95832e849adfb21180ccb6826a99da14e5d266ae5c2e668e1602cf234f153797	Zlib OR Apache-2.0 OR MIT	Zlib OR Apache-2.0 OR MIT	https://github.com/Lokathor/bytemuck	f363643e951a7ac9e4b9921de982f2b0918902e3		LICENSE-APACHE@sha256:e3ba223bb1423f0aad8c3dfce0fe3148db48926d41e6fbc3afbbf5ff9e1c89cb;LICENSE-MIT@sha256:9df9ba60a11af705f2e451b53762686e615d86f76b169cf075c3237730dbd7e2;LICENSE-ZLIB@sha256:84b34dd7608f7fb9b17bd588a6bf392bf7de504e2716f024a77d89f1b145a151
bytemuck_derive	1.12.0	registry+https://github.com/rust-lang/crates.io-index	fc0e56a716f1e132ff6bf4bdac1c944a3fcdc1cae65f70a4a2a1ac3b401d2d1f	Zlib OR Apache-2.0 OR MIT	Zlib OR Apache-2.0 OR MIT	https://github.com/Lokathor/bytemuck	7cc6738e51c46535605f9b9cd851bb87d955238a	derive	LICENSE-APACHE@sha256:e3ba223bb1423f0aad8c3dfce0fe3148db48926d41e6fbc3afbbf5ff9e1c89cb;LICENSE-MIT@sha256:9df9ba60a11af705f2e451b53762686e615d86f76b169cf075c3237730dbd7e2;LICENSE-ZLIB@sha256:84b34dd7608f7fb9b17bd588a6bf392bf7de504e2716f024a77d89f1b145a151
byteorder-lite	0.1.0	registry+https://github.com/rust-lang/crates.io-index	8f1fe948ff07f4bd06c30984e69f5b4899c516a3ef74f34df92a2df2ab535495	Unlicense OR MIT	Unlicense OR MIT	https://github.com/image-rs/byteorder-lite	7d44da06a48fe10d7e23efd9a932d18a7a2def63		LICENSE-MIT@sha256:0f96a83840e146e43c0ec96a22ec1f392e0680e6c1226e6f3ba87e0740af850f
calloop	0.14.4	registry+https://github.com/rust-lang/crates.io-index	4dbf9978365bac10f54d1d4b04f7ce4427e51f71d61f2fe15e3fed5166474df7	MIT	MIT	https://github.com/Smithay/calloop	7e4d3ac507b0b49dea2bc3b92d7eb2cc54dcd168		LICENSE.txt@sha256:4b71658d3410d813b6fc6ceb654ce2aa8c2d3094c944dc59c2041da6227810e3
calloop-wayland-source	0.4.1	registry+https://github.com/rust-lang/crates.io-index	138efcf0940a02ebf0cc8d1eff41a1682a46b431630f4c52450d6265876021fa	MIT	MIT	https://github.com/smithay/calloop-wayland-source	9828ce382a6b3a2b4b688048314939f7c517bcc3		LICENSE.txt@sha256:e7ed841a425ba764fd8599031dcf67c5b3d8de2d638779eb3e740a21d3d6eb1c
cc	1.4.2	registry+https://github.com/rust-lang/crates.io-index	5d262e149917187838d5b42777c8253bcb64500067342904e7d429499a6f277e	MIT OR Apache-2.0	MIT OR Apache-2.0	https://github.com/rust-lang/cc-rs	a91e05ec40f26d4637d4bff9e9764221d0a59dd8		LICENSE-APACHE@sha256:a60eea817514531668d7e00765731449fe14d059d3249e0bc93b36de45f759f2;LICENSE-MIT@sha256:378f5840b258e2779c39418f3f2d7b2ba96f1c7917dd6be0713f88305dbda397
cfg-if	1.0.4	registry+https://github.com/rust-lang/crates.io-index	9330f8b2ff13f34540b44e946ef35111825727b38d33286ef986142615121801	MIT OR Apache-2.0	MIT OR Apache-2.0	https://github.com/rust-lang/cfg-if	3510ca6abea34cbbc702509a4e50ea9709925eda		LICENSE-APACHE@sha256:a60eea817514531668d7e00765731449fe14d059d3249e0bc93b36de45f759f2;LICENSE-MIT@sha256:378f5840b258e2779c39418f3f2d7b2ba96f1c7917dd6be0713f88305dbda397
concurrent-queue	2.5.0	registry+https://github.com/rust-lang/crates.io-index	4ca0197aee26d1ae37445ee532fefce43251d24cc7c166799f4d46817f1d3973	Apache-2.0 OR MIT	Apache-2.0 OR MIT	https://github.com/smol-rs/concurrent-queue	e874f701f8413de01948c4903f894e5c845d8950		LICENSE-APACHE@sha256:a60eea817514531668d7e00765731449fe14d059d3249e0bc93b36de45f759f2;LICENSE-MIT@sha256:23f18e03dc49df91622fe2a76176497404e46ced8a715d9d2b67a7446571cca3
core_maths	0.1.1	registry+https://github.com/rust-lang/crates.io-index	77745e017f5edba1a9c1d854f6f3a52dac8a12dd5af5d2f54aecf61e43d80d30	MIT	MIT	https://github.com/robertbastian/core_maths	d8ea96acac3893ad9a7e16cd7526936fbfc51021		LICENSE@sha256:9ebf8c4cc0b735ca13a766451f7b8097db3185975ceb2ba94b5abf439156a91f
crc32fast	1.5.0	registry+https://github.com/rust-lang/crates.io-index	9481c1c90cbf2ac953f07c8d4a58aa3945c425b7185c9154d67a65e4230da511	MIT OR Apache-2.0	MIT OR Apache-2.0	https://github.com/srijs/rust-crc32fast	dbf4f76cd71cdcc57d9164cbd46890d53ce0423c		LICENSE-APACHE@sha256:c6596eb7be8581c18be736c846fb9173b69eccf6ef94c5135893ec56bd92ba08;LICENSE-MIT@sha256:61d383b05b87d78f94d2937e2580cce47226d17823c0430fbcad09596537efcf
crossbeam-utils	0.8.22	registry+https://github.com/rust-lang/crates.io-index	61803da095bee82a81bb1a452ecc25d3b2f1416d1897eb86430c6159ef717c17	MIT OR Apache-2.0	MIT OR Apache-2.0	https://github.com/crossbeam-rs/crossbeam	9b56303b8aa9ff8ec5bbebb9d2da05e034977889	crossbeam-utils	LICENSE-APACHE@sha256:a60eea817514531668d7e00765731449fe14d059d3249e0bc93b36de45f759f2;LICENSE-MIT@sha256:5734ed989dfca1f625b40281ee9f4530f91b2411ec01cb748223e7eb87e201ab
cursor-icon	1.2.0	registry+https://github.com/rust-lang/crates.io-index	f27ae1dd37df86211c42e150270f82743308803d90a6f6e6651cd730d5e1732f	MIT OR Apache-2.0 OR Zlib	MIT OR Apache-2.0 OR Zlib	https://github.com/rust-windowing/cursor-icon	766287581de8b4895d018c2d15ada77627a954f0		LICENSE-APACHE@sha256:b59affd015e517ed998dd735757f9a3693643cd389609947ed54074234a10784;LICENSE-MIT@sha256:c138726a726ac37bae09d0f8a48e74e8e3aa8a8952fcd10fae0fb224cc1c05f1;LICENSE-ZLIB@sha256:01e533bd94e8f1c32b2c2531e2c398de7d35d7804add3d574b4e1fe581d53537
data-url	0.3.2	registry+https://github.com/rust-lang/crates.io-index	be1e0bca6c3637f992fc1cc7cbc52a78c1ef6db076dbf1059c4323d6a2048376	MIT OR Apache-2.0	MIT OR Apache-2.0	https://github.com/servo/rust-url	91377f48bf35011d042aa5abef9e7f2a0a625aaa	data-url	LICENSE-APACHE@sha256:a60eea817514531668d7e00765731449fe14d059d3249e0bc93b36de45f759f2;LICENSE-MIT@sha256:b38f11f6096706e6de553dabe2a7ed142d59b6fa8c97e290c67496154745cdd5
downcast-rs	1.2.1	registry+https://github.com/rust-lang/crates.io-index	75b325c5dbd37f80359721ad39aca5a29fb04c89279657cffdda8736d0c0b9d2	MIT/Apache-2.0	MIT OR Apache-2.0	https://github.com/marcianx/downcast-rs	c4c48bad50482df2544115ba971acfd5916e6140		LICENSE-APACHE@sha256:8173d5c29b4f956d532781d2b86e4e30f83e6b7878dce18c919451d6ba707c90;LICENSE-MIT@sha256:fb252fecf98d9af8f1d9201c5860319a514f5a8a24700dc84fc6ea287a7a4958
endi	1.1.1	registry+https://github.com/rust-lang/crates.io-index	66b7e2430c6dff6a955451e2cfc438f09cea1965a9d6f87f7e3b90decc014099	MIT	MIT	https://github.com/zeenix/endi	226224559725a9ef0e0687b3a54eca9ad6a5a6c7		LICENSE-MIT@sha256:23f18e03dc49df91622fe2a76176497404e46ced8a715d9d2b67a7446571cca3
enumflags2	0.7.12	registry+https://github.com/rust-lang/crates.io-index	1027f7680c853e056ebcec683615fb6fbbc07dbaa13b4d5d9442b146ded4ecef	MIT OR Apache-2.0	MIT OR Apache-2.0	https://github.com/meithecatte/enumflags2	332c37f47577e5f6b7104419da7e761963032086		LICENSE-APACHE@sha256:41ba8a366e4129d0b7551f8b98211f59635b2e30c0a3c7845e828e2a7ce42064;LICENSE-MIT@sha256:2e3edd2716fb15616e867bd53f724f0906732242e9ae76bb1faad1d88f7eeebd
enumflags2_derive	0.7.12	registry+https://github.com/rust-lang/crates.io-index	67c78a4d8fdf9953a5c9d458f9efe940fd97a0cab0941c075a813ac594733827	MIT OR Apache-2.0	MIT OR Apache-2.0	https://github.com/meithecatte/enumflags2	332c37f47577e5f6b7104419da7e761963032086	enumflags_derive	LICENSE-APACHE@sha256:68d7c3ae5b131ec533fb33a9fd63753eb82fac77d7597bb5058a5af07adf9f06;LICENSE-MIT@sha256:d13669f0eaff9b7015bff0d8637297213b53d9f239826636c07a15633acf7052
equivalent	1.0.2	registry+https://github.com/rust-lang/crates.io-index	877a4ace8713b0bcf2a4e7eec82529c029f1d0619886d18145fea96c3ffe5c0f	Apache-2.0 OR MIT	Apache-2.0 OR MIT	https://github.com/indexmap-rs/equivalent	44cdd44f8b8ebb5f9ae096c7550a5e74ffb7d6ae		LICENSE-APACHE@sha256:a60eea817514531668d7e00765731449fe14d059d3249e0bc93b36de45f759f2;LICENSE-MIT@sha256:7365cc8878a1d7ce155a58c4ca09c3d7a6be413efa5334a80ea842912b669349
errno	0.3.14	registry+https://github.com/rust-lang/crates.io-index	39cab71617ae0d63f51a36d69f866391735b51691dbda63cf6f96d042b63efeb	MIT OR Apache-2.0	MIT OR Apache-2.0	https://github.com/lambda-fairy/rust-errno	ffc03bfb9eb491013567115e6eea560948cd9e52		LICENSE-APACHE@sha256:a60eea817514531668d7e00765731449fe14d059d3249e0bc93b36de45f759f2;LICENSE-MIT@sha256:8764a597675778ddfd4e25f81b08a05dbcf089ac05662df7613fe67f150e3aa2
event-listener	5.4.2	registry+https://github.com/rust-lang/crates.io-index	5a23add41df1562121a9393cb065eab5146a1242410f23a644851e90cfd669d2	Apache-2.0 OR MIT	Apache-2.0 OR MIT	https://github.com/smol-rs/event-listener	77004ac77dcef7884bf71a99c276a50f83a7fa4e		LICENSE-APACHE@sha256:a60eea817514531668d7e00765731449fe14d059d3249e0bc93b36de45f759f2;LICENSE-MIT@sha256:23f18e03dc49df91622fe2a76176497404e46ced8a715d9d2b67a7446571cca3
event-listener-strategy	0.5.4	registry+https://github.com/rust-lang/crates.io-index	8be9f3dfaaffdae2972880079a491a1a8bb7cbed0b8dd7a347f668b4150a3b93	Apache-2.0 OR MIT	Apache-2.0 OR MIT	https://github.com/smol-rs/event-listener-strategy	f533c437e8a6561e9b625c3ee036a8ea7d19375c		LICENSE-APACHE@sha256:a60eea817514531668d7e00765731449fe14d059d3249e0bc93b36de45f759f2;LICENSE-MIT@sha256:23f18e03dc49df91622fe2a76176497404e46ced8a715d9d2b67a7446571cca3
fastrand	2.5.0	registry+https://github.com/rust-lang/crates.io-index	da7c62ceae207dd37ea5b845da6a0696c799f85e97da1ab5b7910be3c1c80223	Apache-2.0 OR MIT	Apache-2.0 OR MIT	https://github.com/smol-rs/fastrand	7a1cc2c69ebde6cb3442809213db3fe19a2cb0ba		LICENSE-APACHE@sha256:a60eea817514531668d7e00765731449fe14d059d3249e0bc93b36de45f759f2;LICENSE-MIT@sha256:23f18e03dc49df91622fe2a76176497404e46ced8a715d9d2b67a7446571cca3
fdeflate	0.3.7	registry+https://github.com/rust-lang/crates.io-index	1e6853b52649d4ac5c0bd02320cddc5ba956bdb407c4b75a2c6b75bf51500f8c	MIT OR Apache-2.0	MIT OR Apache-2.0	https://github.com/image-rs/fdeflate	c365c7e6ffa81feb2e1fb762eed7299f05c9b0ca		LICENSE-APACHE@sha256:0d542e0c8804e39aa7f37eb00da5a762149dc682d7829451287e11b938e94594;LICENSE-MIT@sha256:c77a4cf9da729987d0fe7ccd811e3bd27393914ddf3d23467c18cc22954513b3
find-msvc-tools	0.1.10	registry+https://github.com/rust-lang/crates.io-index	26b73573e6edcd2af0cdf47bd6cb58f0b3839491263c314eaad1ccf24430e1de	MIT OR Apache-2.0	MIT OR Apache-2.0	https://github.com/rust-lang/cc-rs	b27570c6644e4f5a43ea4561878a80ea334c5a14	find-msvc-tools	LICENSE-APACHE@sha256:a60eea817514531668d7e00765731449fe14d059d3249e0bc93b36de45f759f2;LICENSE-MIT@sha256:378f5840b258e2779c39418f3f2d7b2ba96f1c7917dd6be0713f88305dbda397
flate2	1.1.9	registry+https://github.com/rust-lang/crates.io-index	843fba2746e448b37e26a819579957415c8cef339bf08564fe8b7ddbd959573c	MIT OR Apache-2.0	MIT OR Apache-2.0	https://github.com/rust-lang/flate2-rs	19ddb18bf11199858fbc6504d079448fafd1606e		LICENSE-APACHE@sha256:a60eea817514531668d7e00765731449fe14d059d3249e0bc93b36de45f759f2;LICENSE-MIT@sha256:025436edff4cfcdde17a5811fdea78892d8482efd1abdec5a17872d07a4f2112
float-cmp	0.9.0	registry+https://github.com/rust-lang/crates.io-index	98de4bbd547a563b716d8dfa9aad1cb19bfab00f4fa09a6a4ed21dbcf44ce9c4	MIT	MIT	https://github.com/mikedilger/float-cmp	4844daf1ad47c9363a96ba8954d3c30d6a008591		LICENSE@sha256:40be1e77825d7e49485a2e43d89bed29dfff29f8f529e71d3c683656021f0d08
foldhash	0.1.5	registry+https://github.com/rust-lang/crates.io-index	d9c4f5dac5e15c24eb999c26181a6ca40b39fe946cbe4c263c7209467bc83af2	Zlib	Zlib	https://github.com/orlp/foldhash	42461756c3760f9165c90d9626a49e36980a1e47		LICENSE@sha256:b1181a40b2a7b25cf66fd01481713bc1005df082c53ef73e851e55071b102744
foldhash	0.2.0	registry+https://github.com/rust-lang/crates.io-index	77ce24cb58228fbb8aa041425bb1050850ac19177686ea6e0f41a70416f56fdb	Zlib	Zlib	https://github.com/orlp/foldhash	8f878c636fda9c9e93384824ea45e06d03f009f5		LICENSE@sha256:b1181a40b2a7b25cf66fd01481713bc1005df082c53ef73e851e55071b102744
fontdue	0.9.4	registry+https://github.com/rust-lang/crates.io-index	7894823fa221401399e2598f8b63f81ac77ff5c63248b7656779bff1632d7d3d	MIT OR Apache-2.0 OR Zlib	MIT OR Apache-2.0 OR Zlib	https://github.com/mooman219/fontdue	b74746f111056dba7c30162b18403dd6b6f7edbd		LICENSE-APACHE@sha256:a6cba85bc92e0cff7a450b1d873c0eaa2e9fc96bf472df0247a26bec77bf3ff9;LICENSE-MIT@sha256:a72354dd6206c20dff7c9fd45b137261e00a31f71ffb8fe67d5ca0c8170b5fd5;LICENSE-ZLIB@sha256:d829cfa632d2a44fe9e303ff293add677ed70e4b8f5e2176aa7a19d0936e61ac
futures-core	0.3.33	registry+https://github.com/rust-lang/crates.io-index	2cd50c473c80f6d7c3670a752354b8e569b1a7cbfdc0419ec88e5edad85e0dc7	MIT OR Apache-2.0	MIT OR Apache-2.0	https://github.com/rust-lang/futures-rs	89cc254cb8bfcc78e6a31e7711d0757f97bcb531	futures-core	LICENSE-APACHE@sha256:275c491d6d1160553c32fd6127061d7f9606c3ea25abfad6ca3f6ed088785427;LICENSE-MIT@sha256:6652c868f35dfe5e8ef636810a4e576b9d663f3a17fb0f5613ad73583e1b88fd
futures-io	0.3.33	registry+https://github.com/rust-lang/crates.io-index	4577ecaa3c4f96589d473f679a71b596316f6641bc350038b962a5daf0085d7a	MIT OR Apache-2.0	MIT OR Apache-2.0	https://github.com/rust-lang/futures-rs	89cc254cb8bfcc78e6a31e7711d0757f97bcb531	futures-io	LICENSE-APACHE@sha256:275c491d6d1160553c32fd6127061d7f9606c3ea25abfad6ca3f6ed088785427;LICENSE-MIT@sha256:6652c868f35dfe5e8ef636810a4e576b9d663f3a17fb0f5613ad73583e1b88fd
futures-lite	2.6.1	registry+https://github.com/rust-lang/crates.io-index	f78e10609fe0e0b3f4157ffab1876319b5b0db102a2c60dc4626306dc46b44ad	Apache-2.0 OR MIT	Apache-2.0 OR MIT	https://github.com/smol-rs/futures-lite	226ce18976d8714d6bd9700b61dcc81d7200bc9a		LICENSE-APACHE@sha256:a60eea817514531668d7e00765731449fe14d059d3249e0bc93b36de45f759f2;LICENSE-MIT@sha256:23f18e03dc49df91622fe2a76176497404e46ced8a715d9d2b67a7446571cca3;LICENSE-THIRD-PARTY@sha256:6226d0632e2e1a80c23597e964da9812ae193c535fe058154afb034e94167aa5
futures-macro	0.3.33	registry+https://github.com/rust-lang/crates.io-index	2d6d3cde68c518367be28956066ddfef33813991b77a55005a69dae04bf3b10b	MIT OR Apache-2.0	MIT OR Apache-2.0	https://github.com/rust-lang/futures-rs	89cc254cb8bfcc78e6a31e7711d0757f97bcb531	futures-macro	LICENSE-APACHE@sha256:275c491d6d1160553c32fd6127061d7f9606c3ea25abfad6ca3f6ed088785427;LICENSE-MIT@sha256:6652c868f35dfe5e8ef636810a4e576b9d663f3a17fb0f5613ad73583e1b88fd
futures-task	0.3.33	registry+https://github.com/rust-lang/crates.io-index	b231ed28831efb4a61a08580c4bc233ec56bc009f4cd8f52da2c3cb97df0c109	MIT OR Apache-2.0	MIT OR Apache-2.0	https://github.com/rust-lang/futures-rs	89cc254cb8bfcc78e6a31e7711d0757f97bcb531	futures-task	LICENSE-APACHE@sha256:275c491d6d1160553c32fd6127061d7f9606c3ea25abfad6ca3f6ed088785427;LICENSE-MIT@sha256:6652c868f35dfe5e8ef636810a4e576b9d663f3a17fb0f5613ad73583e1b88fd
futures-util	0.3.33	registry+https://github.com/rust-lang/crates.io-index	a77a90a256fce34da66415271e30f94ee91c57b04b8a2c042d9cf3220179deaa	MIT OR Apache-2.0	MIT OR Apache-2.0	https://github.com/rust-lang/futures-rs	89cc254cb8bfcc78e6a31e7711d0757f97bcb531	futures-util	LICENSE-APACHE@sha256:275c491d6d1160553c32fd6127061d7f9606c3ea25abfad6ca3f6ed088785427;LICENSE-MIT@sha256:6652c868f35dfe5e8ef636810a4e576b9d663f3a17fb0f5613ad73583e1b88fd
hashbrown	0.15.5	registry+https://github.com/rust-lang/crates.io-index	9229cfe53dfd69f0609a49f65461bd93001ea1ef889cd5529dd176593f5338a1	MIT OR Apache-2.0	MIT OR Apache-2.0	https://github.com/rust-lang/hashbrown	b751eef8e99ccf3652046ef4a9e1ec47c1bfb78d		LICENSE-APACHE@sha256:a60eea817514531668d7e00765731449fe14d059d3249e0bc93b36de45f759f2;LICENSE-MIT@sha256:ff8f68cb076caf8cefe7a6430d4ac086ce6af2ca8ce2c4e5a2004d4552ef52a2
hashbrown	0.16.1	registry+https://github.com/rust-lang/crates.io-index	841d1cc9bed7f9236f321df977030373f4a4163ae1a7dbfe1a51a2c1a51d9100	MIT OR Apache-2.0	MIT OR Apache-2.0	https://github.com/rust-lang/hashbrown	1876e4f02708b93903d55ef598f68e82a826518f		LICENSE-APACHE@sha256:a60eea817514531668d7e00765731449fe14d059d3249e0bc93b36de45f759f2;LICENSE-MIT@sha256:ff8f68cb076caf8cefe7a6430d4ac086ce6af2ca8ce2c4e5a2004d4552ef52a2
hashbrown	0.17.1	registry+https://github.com/rust-lang/crates.io-index	ed5909b6e89a2db4456e54cd5f673791d7eca6732202bbf2a9cc504fe2f9b84a	MIT OR Apache-2.0	MIT OR Apache-2.0	https://github.com/rust-lang/hashbrown	c62a63a61b7caf2de8f9ecb7b06a66b0ab6bdf3d		LICENSE-APACHE@sha256:a60eea817514531668d7e00765731449fe14d059d3249e0bc93b36de45f759f2;LICENSE-MIT@sha256:ff8f68cb076caf8cefe7a6430d4ac086ce6af2ca8ce2c4e5a2004d4552ef52a2
hex	0.4.3	registry+https://github.com/rust-lang/crates.io-index	7f24254aa9a54b5c858eaee2f5bccdb46aaf0e486a595ed5fd8f86ba55232a70	MIT OR Apache-2.0	MIT OR Apache-2.0	https://github.com/KokaKiwi/rust-hex	b2b4370b5bf021b98ee7adc92233e8de3f2de792		LICENSE-APACHE@sha256:c6596eb7be8581c18be736c846fb9173b69eccf6ef94c5135893ec56bd92ba08;LICENSE-MIT@sha256:f7bdb3426d045cd50efd4953026e3eb5a83d0199f458a075602611b9344da5b9
image	0.25.8	registry+https://github.com/rust-lang/crates.io-index	529feb3e6769d234375c4cf1ee2ce713682b8e76538cb13f9fc23e1400a591e7	MIT OR Apache-2.0	MIT OR Apache-2.0	https://github.com/image-rs/image	98b001da0ddcd91936a716696fba877df910b61d		LICENSE-APACHE@sha256:0d542e0c8804e39aa7f37eb00da5a762149dc682d7829451287e11b938e94594;LICENSE-MIT@sha256:c77a4cf9da729987d0fe7ccd811e3bd27393914ddf3d23467c18cc22954513b3
imagesize	0.13.0	registry+https://github.com/rust-lang/crates.io-index	edcd27d72f2f071c64249075f42e205ff93c9a4c5f6c6da53e79ed9f9832c285	MIT	MIT	https://github.com/Roughsketch/imagesize	017b33da886a27484614e9527d14fc5f3f0d5079		LICENSE@sha256:436637bd4909fde7e14c899e9ff2cdd440b5968df12d431f1651f11db19bc2ef
indexmap	2.14.0	registry+https://github.com/rust-lang/crates.io-index	d466e9454f08e4a911e14806c24e16fba1b4c121d1ea474396f396069cf949d9	Apache-2.0 OR MIT	Apache-2.0 OR MIT	https://github.com/indexmap-rs/indexmap	bcd165baeb12bdf6e57a31d9869e9839e25679c6		LICENSE-APACHE@sha256:a60eea817514531668d7e00765731449fe14d059d3249e0bc93b36de45f759f2;LICENSE-MIT@sha256:ecc269ef87fd38a1d98e30bfac9ba964a9dbd9315c3770fed98d4d7cb5882055
itoa	1.0.18	registry+https://github.com/rust-lang/crates.io-index	8f42a60cbdf9a97f5d2305f08a87dc4e09308d1276d28c869c684d7777685682	MIT OR Apache-2.0	MIT OR Apache-2.0	https://github.com/dtolnay/itoa	af77385d0daf4d0e949e81f2588be2e44f69f086		LICENSE-APACHE@sha256:62c7a1e35f56406896d7aa7ca52d0cc0d272ac022b5d2796e7d6905db8a3636a;LICENSE-MIT@sha256:23f18e03dc49df91622fe2a76176497404e46ced8a715d9d2b67a7446571cca3
kurbo	0.11.3	registry+https://github.com/rust-lang/crates.io-index	c62026ae44756f8a599ba21140f350303d4f08dcdcc71b5ad9c9bb8128c13c62	Apache-2.0 OR MIT	Apache-2.0 OR MIT	https://github.com/linebender/kurbo	ce236de377babb81d8d545a8ed415b44b4a151fb	kurbo	LICENSE-APACHE@sha256:cfc7749b96f63bd31c3c42b5c471bf756814053e847c10f3eb003417bc523d30;LICENSE-MIT@sha256:23c23145f6eac25c28cdcc03d38506a5712a9a8cffb5bd5301457f6173ea696e
libc	0.2.189	registry+https://github.com/rust-lang/crates.io-index	3eaf3ede3fee6db1a4c2ee091bf8a8b4dccdc6d17f656fb07896ee72867612f2	MIT OR Apache-2.0	MIT OR Apache-2.0	https://github.com/rust-lang/libc	ef0906e20828777175f65caa7e681a0ce33c559a		LICENSE-APACHE@sha256:62c7a1e35f56406896d7aa7ca52d0cc0d272ac022b5d2796e7d6905db8a3636a;LICENSE-MIT@sha256:123a331b5dbf04c30097fa43b8f858bc85df671fe776de498d01f3d6b7c1f69e
libm	0.2.16	registry+https://github.com/rust-lang/crates.io-index	b6d2cec3eae94f9f509c767b45932f1ada8350c4bdb85af2fcab4a3c14807981	MIT	MIT	https://github.com/rust-lang/compiler-builtins	dfd2203a4d6110820ad7bb65cafe1bf331a03a3d	libm	LICENSE.txt@sha256:3823dda7cf046602f4b4e77ec8e227863dc4736037cc85bb33d9f19febe16bb7
linux-raw-sys	0.12.1	registry+https://github.com/rust-lang/crates.io-index	32a66949e030da00e8c7d4434b251670a91556f4144941d37452769c25d58a53	Apache-2.0 WITH LLVM-exception OR Apache-2.0 OR MIT	Apache-2.0 WITH LLVM-exception OR Apache-2.0 OR MIT	https://github.com/sunfishcode/linux-raw-sys	0e2918cf3e366d9c923d4ca05f169b49d826db56		COPYRIGHT@sha256:3290ae0fbc9ddb77d2239121d710f0bb9d31b3b4744e6d97fe01e652b4c1870b;LICENSE-APACHE@sha256:a60eea817514531668d7e00765731449fe14d059d3249e0bc93b36de45f759f2;LICENSE-Apache-2.0_WITH_LLVM-exception@sha256:268872b9816f90fd8e85db5a28d33f8150ebb8dd016653fb39ef1f94f2686bc5;LICENSE-MIT@sha256:23f18e03dc49df91622fe2a76176497404e46ced8a715d9d2b67a7446571cca3
log	0.4.33	registry+https://github.com/rust-lang/crates.io-index	0ceec5bc11778974d1bcb055b18002eba7f4b3518b6a0081b3af5f21666da9ad	MIT OR Apache-2.0	MIT OR Apache-2.0	https://github.com/rust-lang/log	f405739f3a15a3f00680c793e1e1fa7e57d26ba4		LICENSE-APACHE@sha256:a60eea817514531668d7e00765731449fe14d059d3249e0bc93b36de45f759f2;LICENSE-MIT@sha256:6485b8ed310d3f0340bf1ad1f47645069ce4069dcc6bb46c7d5c6faf41de1fdb
memchr	2.8.3	registry+https://github.com/rust-lang/crates.io-index	cf8baf1c55e62ffcace7a9f06f4bd9cd3f0c4beb022d3b367256b91b87513d98	Unlicense OR MIT	Unlicense OR MIT	https://github.com/BurntSushi/memchr	5fdb40c054e1fff359a2f7bdf7f87a13b34b465d		COPYING@sha256:01c266bced4a434da0051174d6bee16a4c82cf634e2679b6155d40d75012390f;LICENSE-MIT@sha256:0f96a83840e146e43c0ec96a22ec1f392e0680e6c1226e6f3ba87e0740af850f
memmap2	0.9.11	registry+https://github.com/rust-lang/crates.io-index	d1219ed1b7f229ee7104d281dd01d6802fe28bb6e95d292942c4daacdeb798c0	MIT OR Apache-2.0	MIT OR Apache-2.0	https://github.com/RazrFalcon/memmap2-rs	7d76ad3157383db5670fd7e012f44de42aa7444b		LICENSE-APACHE@sha256:04ea4849dba9dcae07113850c6f1b1a69052c625210639914eee352023f750ad;LICENSE-MIT@sha256:0d25d03b5ab49576178ad0cae7a2648d12c17ad0452fe49c07e55e4b59aa5257
miniz_oxide	0.8.9	registry+https://github.com/rust-lang/crates.io-index	1fa76a2c86f704bdb222d66965fb3d63269ce38518b83cb0575fca855ebb6316	MIT OR Zlib OR Apache-2.0	MIT OR Zlib OR Apache-2.0	https://github.com/Frommi/miniz_oxide/tree/master/miniz_oxide	44e43c7786e379b2b1a7fde4aa0e63be719e583d	miniz_oxide	LICENSE@sha256:4108245a1f2df9d4e94df8abed5b4ba0759bb2f9b40a6b939f1be141077ae50b;LICENSE-APACHE.md@sha256:0d542e0c8804e39aa7f37eb00da5a762149dc682d7829451287e11b938e94594;LICENSE-MIT.md@sha256:799e9ca9d179295ef372f25d3769cdda7d25bb2668add6a6a1e22d1e4c678b8d;LICENSE-ZLIB.md@sha256:0a54e647fe54104658b5e563c04c6f9edf251710e47bce692e0bd990a4ddaa39
moxcms	0.7.11	registry+https://github.com/rust-lang/crates.io-index	ac9557c559cd6fc9867e122e20d2cbefc9ca29d80d027a8e39310920ed2f0a97	BSD-3-Clause OR Apache-2.0	BSD-3-Clause OR Apache-2.0	https://github.com/awxkee/moxcms.git	ce70195bb0f4a911671eea2695f9298d3e77ebe7		LICENSE-APACHE.md@sha256:90bf2d659c43045111b65c733ab2a6d4cbcb422a098368c8c58a9ba3db4ed0c5;LICENSE.md@sha256:2aa92cada6431e75615e3fe6cb1a9082c98f777d48ae1c087c0da0e37f7b8bff
num-traits	0.2.19	registry+https://github.com/rust-lang/crates.io-index	071dfc062690e90b734c0b2273ce72ad0ffa95f0c74596bc250dcfd960262841	MIT OR Apache-2.0	MIT OR Apache-2.0	https://github.com/rust-num/num-traits	7ec3d41d39b28190ec1d42db38021107b3951f3a		LICENSE-APACHE@sha256:a60eea817514531668d7e00765731449fe14d059d3249e0bc93b36de45f759f2;LICENSE-MIT@sha256:6485b8ed310d3f0340bf1ad1f47645069ce4069dcc6bb46c7d5c6faf41de1fdb
once_cell	1.21.4	registry+https://github.com/rust-lang/crates.io-index	9f7c3e4beb33f85d45ae3e3a1792185706c8e16d043238c593331cc7cd313b50	MIT OR Apache-2.0	MIT OR Apache-2.0	https://github.com/matklad/once_cell	80fe900b21f6d76c1a2ed74d3343e8a3a88c46d0		LICENSE-APACHE@sha256:a60eea817514531668d7e00765731449fe14d059d3249e0bc93b36de45f759f2;LICENSE-MIT@sha256:23f18e03dc49df91622fe2a76176497404e46ced8a715d9d2b67a7446571cca3
ordered-stream	0.2.0	registry+https://github.com/rust-lang/crates.io-index	9aa2b01e1d916879f73a53d01d1d6cee68adbb31d6d9177a8cfce093cced1d50	MIT OR Apache-2.0	MIT OR Apache-2.0	https://github.com/danieldg/ordered-stream	5c58ca1a3d680c2406f0c6a1520c3476c27048aa		LICENSE-APACHE@sha256:a60eea817514531668d7e00765731449fe14d059d3249e0bc93b36de45f759f2;LICENSE-MIT@sha256:23f18e03dc49df91622fe2a76176497404e46ced8a715d9d2b67a7446571cca3
parking	2.2.1	registry+https://github.com/rust-lang/crates.io-index	f38d5652c16fde515bb1ecef450ab0f6a219d619a7274976324d5e377f7dceba	Apache-2.0 OR MIT	Apache-2.0 OR MIT	https://github.com/smol-rs/parking	0ece32dbfd6cd1bc1510ede6ed56acb772edf83f		LICENSE-APACHE@sha256:a60eea817514531668d7e00765731449fe14d059d3249e0bc93b36de45f759f2;LICENSE-MIT@sha256:23f18e03dc49df91622fe2a76176497404e46ced8a715d9d2b67a7446571cca3;LICENSE-THIRD-PARTY@sha256:9a6d7a3c1b8edcc706c4b6c37f8dae9a77f02c7f9051df603f975db136b55419
phf	0.13.1	registry+https://github.com/rust-lang/crates.io-index	c1562dc717473dbaa4c1f85a36410e03c047b2e7df7f45ee938fbef64ae7fadf	MIT	MIT	https://github.com/rust-phf/rust-phf	1e518a6e94a2444b8df7d89078cfc69859537971	phf	LICENSE@sha256:0ab4d106b6faac07fb6a051815fd1b4d862d730895e2d7d7358c2f13565e7a38
phf_generator	0.13.1	registry+https://github.com/rust-lang/crates.io-index	135ace3a761e564ec88c03a77317a7c6b80bb7f7135ef2544dbe054243b89737	MIT	MIT	https://github.com/rust-phf/rust-phf	1e518a6e94a2444b8df7d89078cfc69859537971	phf_generator	LICENSE@sha256:0ab4d106b6faac07fb6a051815fd1b4d862d730895e2d7d7358c2f13565e7a38
phf_macros	0.13.1	registry+https://github.com/rust-lang/crates.io-index	812f032b54b1e759ccd5f8b6677695d5268c588701effba24601f6932f8269ef	MIT	MIT	https://github.com/rust-phf/rust-phf	1e518a6e94a2444b8df7d89078cfc69859537971	phf_macros	LICENSE@sha256:0ab4d106b6faac07fb6a051815fd1b4d862d730895e2d7d7358c2f13565e7a38
phf_shared	0.13.1	registry+https://github.com/rust-lang/crates.io-index	e57fef6bc5981e38c2ce2d63bfa546861309f875b8a75f092d1d54ae2d64f266	MIT	MIT	https://github.com/rust-phf/rust-phf	1e518a6e94a2444b8df7d89078cfc69859537971	phf_shared	LICENSE@sha256:0ab4d106b6faac07fb6a051815fd1b4d862d730895e2d7d7358c2f13565e7a38
pico-args	0.5.0	registry+https://github.com/rust-lang/crates.io-index	5be167a7af36ee22fe3115051bc51f6e6c7054c9348e28deb4f49bd6f705a315	MIT	MIT	https://github.com/RazrFalcon/pico-args	56e8872fa31f168fd87e84fdc5f24bd60875daea		LICENSE@sha256:f71452d91682fdae0ca948b18cfed53a953d1237740dd80371c76a5c1c7bbe91
pin-project-lite	0.2.17	registry+https://github.com/rust-lang/crates.io-index	a89322df9ebe1c1578d689c92318e070967d1042b512afbe49518723f4e6d5cd	Apache-2.0 OR MIT	Apache-2.0 OR MIT	https://github.com/taiki-e/pin-project-lite	3bdf763446aa78f90e3bdac1ef583e014832ab4c		LICENSE-APACHE@sha256:0d542e0c8804e39aa7f37eb00da5a762149dc682d7829451287e11b938e94594;LICENSE-MIT@sha256:23f18e03dc49df91622fe2a76176497404e46ced8a715d9d2b67a7446571cca3
piper	0.2.5	registry+https://github.com/rust-lang/crates.io-index	c835479a4443ded371d6c535cbfd8d31ad92c5d23ae9770a61bc155e4992a3c1	MIT OR Apache-2.0	MIT OR Apache-2.0	https://github.com/smol-rs/piper	85da45edce0b9262f00d79d9a42ce0372fb42a10		LICENSE-APACHE@sha256:a60eea817514531668d7e00765731449fe14d059d3249e0bc93b36de45f759f2;LICENSE-MIT@sha256:23f18e03dc49df91622fe2a76176497404e46ced8a715d9d2b67a7446571cca3
pkg-config	0.3.33	registry+https://github.com/rust-lang/crates.io-index	19f132c84eca552bf34cab8ec81f1c1dcc229b811638f9d283dceabe58c5569e	MIT OR Apache-2.0	MIT OR Apache-2.0	https://github.com/rust-lang/pkg-config-rs	f4ac872e02f9e2c111c55f3ed0eee6284d41d50f		LICENSE-APACHE@sha256:a60eea817514531668d7e00765731449fe14d059d3249e0bc93b36de45f759f2;LICENSE-MIT@sha256:378f5840b258e2779c39418f3f2d7b2ba96f1c7917dd6be0713f88305dbda397
png	0.17.16	registry+https://github.com/rust-lang/crates.io-index	82151a2fc869e011c153adc57cf2789ccb8d9906ce52c0b39a6b5697749d7526	MIT OR Apache-2.0	MIT OR Apache-2.0	https://github.com/image-rs/image-png	fbf256669ff23594bf4c618b61fde6a52b79e088		LICENSE-APACHE@sha256:a60eea817514531668d7e00765731449fe14d059d3249e0bc93b36de45f759f2;LICENSE-MIT@sha256:eaf40297c75da471f7cda1f3458e8d91b4b2ec866e609527a13acfa93b638652
png	0.18.1	registry+https://github.com/rust-lang/crates.io-index	60769b8b31b2a9f263dae2776c37b1b28ae246943cf719eb6946a1db05128a61	MIT OR Apache-2.0	MIT OR Apache-2.0	https://github.com/image-rs/image-png	2a3f980245e3ae38b82ade96533e7b450e8477bb		LICENSE-APACHE@sha256:a60eea817514531668d7e00765731449fe14d059d3249e0bc93b36de45f759f2;LICENSE-MIT@sha256:eaf40297c75da471f7cda1f3458e8d91b4b2ec866e609527a13acfa93b638652
polling	3.11.0	registry+https://github.com/rust-lang/crates.io-index	5d0e4f59085d47d8241c88ead0f274e8a0cb551f3625263c05eb8dd897c34218	Apache-2.0 OR MIT	Apache-2.0 OR MIT	https://github.com/smol-rs/polling	f404d08dd2a61994ac5fe0ed663bc051bd94c053		LICENSE-APACHE@sha256:a60eea817514531668d7e00765731449fe14d059d3249e0bc93b36de45f759f2;LICENSE-MIT@sha256:23f18e03dc49df91622fe2a76176497404e46ced8a715d9d2b67a7446571cca3
proc-macro-crate	3.5.0	registry+https://github.com/rust-lang/crates.io-index	e67ba7e9b2b56446f1d419b1d807906278ffa1a658a8a5d8a39dcb1f5a78614f	MIT OR Apache-2.0	MIT OR Apache-2.0	https://github.com/bkchr/proc-macro-crate	8f3d8b04539f732e09c07907f138a248c8d0eed9		LICENSE-APACHE@sha256:8ada45cd9f843acf64e4722ae262c622a2b3b3007c7310ef36ac1061a30f6adb;LICENSE-MIT@sha256:23f18e03dc49df91622fe2a76176497404e46ced8a715d9d2b67a7446571cca3
proc-macro2	1.0.107	registry+https://github.com/rust-lang/crates.io-index	985e7ec9bb745e6ce6535b544d84d6cd6f7ad8bd711c398938ae983b91a766d9	MIT OR Apache-2.0	MIT OR Apache-2.0	https://github.com/dtolnay/proc-macro2	ed8a5497669cd63db33bf24646f261b012bbbc4a		LICENSE-APACHE@sha256:62c7a1e35f56406896d7aa7ca52d0cc0d272ac022b5d2796e7d6905db8a3636a;LICENSE-MIT@sha256:23f18e03dc49df91622fe2a76176497404e46ced8a715d9d2b67a7446571cca3
pxfm	0.1.30	registry+https://github.com/rust-lang/crates.io-index	d55d956fa96f5ec02be2e13af0e20391a5aa83d6a074e3ad368959d0fab299ea	BSD-3-Clause OR Apache-2.0	BSD-3-Clause OR Apache-2.0	https://github.com/awxkee/pxfm	acf7acd00cfc845307eda7b7b2de19e42303de82		LICENSE-APACHE.md@sha256:90bf2d659c43045111b65c733ab2a6d4cbcb422a098368c8c58a9ba3db4ed0c5;LICENSE.md@sha256:2aa92cada6431e75615e3fe6cb1a9082c98f777d48ae1c087c0da0e37f7b8bff
quick-xml	0.41.0	registry+https://github.com/rust-lang/crates.io-index	e660451e55124f798a69a5af3f49ccfbefbd41910eefd25caf2393e1f3473ec1	MIT	MIT	https://github.com/tafia/quick-xml	4deda08abeffdc188c269360229cf47e12a77a9f		LICENSE-MIT.md@sha256:5b2c207dcf571267ebe0bbdd5bf321f561ddc22ff597e7b363e96f4539507a29
quote	1.0.47	registry+https://github.com/rust-lang/crates.io-index	1fbf4db142a473a8d80c26bbf18454ed458bf8d26c8219c331daecfdbd079001	MIT OR Apache-2.0	MIT OR Apache-2.0	https://github.com/dtolnay/quote	723dcb47d3f0ddc896e17287c8a8d3f2ea2317d5		LICENSE-APACHE@sha256:62c7a1e35f56406896d7aa7ca52d0cc0d272ac022b5d2796e7d6905db8a3636a;LICENSE-MIT@sha256:23f18e03dc49df91622fe2a76176497404e46ced8a715d9d2b67a7446571cca3
resvg	0.45.1	registry+https://github.com/rust-lang/crates.io-index	a8928798c0a55e03c9ca6c4c6846f76377427d2c1e1f7e6de3c06ae57942df43	Apache-2.0 OR MIT	Apache-2.0 OR MIT	https://github.com/linebender/resvg	1b6c2fddbcbeffa8135df4323b02aaae84890907	crates/resvg	LICENSE-APACHE@sha256:a6cba85bc92e0cff7a450b1d873c0eaa2e9fc96bf472df0247a26bec77bf3ff9;LICENSE-MIT@sha256:f5d934dc281b44e0003ee461ac740b18b6629a454decd872c774d34e4ee0b21d
rgb	0.8.53	registry+https://github.com/rust-lang/crates.io-index	47b34b781b31e5d73e9fbc8689c70551fd1ade9a19e3e28cfec8580a79290cc4	MIT	MIT	https://github.com/kornelski/rust-rgb	f453adedbbd1a672c654239b0eb0576de606d7d2		LICENSE@sha256:457b464bc0fba8a3d67d2458569104f5611869f0c1563a1a12d9c51a0bca9261
roxmltree	0.20.0	registry+https://github.com/rust-lang/crates.io-index	6c20b6793b5c2fa6553b250154b78d6d0db37e72700ae35fad9387a46f487c97	MIT OR Apache-2.0	MIT OR Apache-2.0	https://github.com/RazrFalcon/roxmltree	6dffb22cb4113a168928ca9a2eec3c2961820a98		LICENSE-APACHE@sha256:a60eea817514531668d7e00765731449fe14d059d3249e0bc93b36de45f759f2;LICENSE-MIT@sha256:fffe218c1e349e1d482a05677f2ce850502f88298174d77f6ac7c04821db7899
rustix	1.1.4	registry+https://github.com/rust-lang/crates.io-index	b6fe4565b9518b83ef4f91bb47ce29620ca828bd32cb7e408f0062e9930ba190	Apache-2.0 WITH LLVM-exception OR Apache-2.0 OR MIT	Apache-2.0 WITH LLVM-exception OR Apache-2.0 OR MIT	https://github.com/bytecodealliance/rustix	c4caf5caaa7e93828a2e4a4cdba1dd0171e45717		COPYRIGHT@sha256:377c2e7c53250cc5905c0b0532d35973392af16ffb9596a41d99d202cf3617c9;LICENSE-APACHE@sha256:a60eea817514531668d7e00765731449fe14d059d3249e0bc93b36de45f759f2;LICENSE-Apache-2.0_WITH_LLVM-exception@sha256:268872b9816f90fd8e85db5a28d33f8150ebb8dd016653fb39ef1f94f2686bc5;LICENSE-MIT@sha256:23f18e03dc49df91622fe2a76176497404e46ced8a715d9d2b67a7446571cca3
serde	1.0.229	registry+https://github.com/rust-lang/crates.io-index	4148590afebada386688f18773da617792bf2ef03ffc1e4cbd2b1d45b023e0ba	MIT OR Apache-2.0	MIT OR Apache-2.0	https://github.com/serde-rs/serde	7fc3b4c30c94f73a96ebd1553f2b090d928fc3a8	serde	LICENSE-APACHE@sha256:62c7a1e35f56406896d7aa7ca52d0cc0d272ac022b5d2796e7d6905db8a3636a;LICENSE-MIT@sha256:23f18e03dc49df91622fe2a76176497404e46ced8a715d9d2b67a7446571cca3
serde_core	1.0.229	registry+https://github.com/rust-lang/crates.io-index	67dca2c9c51e58a4791a4b1ed58308b39c64224d349a935ab5039aa360942a48	MIT OR Apache-2.0	MIT OR Apache-2.0	https://github.com/serde-rs/serde	7fc3b4c30c94f73a96ebd1553f2b090d928fc3a8	serde_core	LICENSE-APACHE@sha256:62c7a1e35f56406896d7aa7ca52d0cc0d272ac022b5d2796e7d6905db8a3636a;LICENSE-MIT@sha256:23f18e03dc49df91622fe2a76176497404e46ced8a715d9d2b67a7446571cca3
serde_derive	1.0.229	registry+https://github.com/rust-lang/crates.io-index	e7a5d71263a5a7d47b41f6b3f06ba276f10cc18b0931f1799f710578e2309348	MIT OR Apache-2.0	MIT OR Apache-2.0	https://github.com/serde-rs/serde	7fc3b4c30c94f73a96ebd1553f2b090d928fc3a8	serde_derive	LICENSE-APACHE@sha256:62c7a1e35f56406896d7aa7ca52d0cc0d272ac022b5d2796e7d6905db8a3636a;LICENSE-MIT@sha256:23f18e03dc49df91622fe2a76176497404e46ced8a715d9d2b67a7446571cca3
serde_json	1.0.151	registry+https://github.com/rust-lang/crates.io-index	c841b55ecdae098c80dcae9cf767f6f8a0c2cdb3416bbef72181df4d0fe73f14	MIT OR Apache-2.0	MIT OR Apache-2.0	https://github.com/serde-rs/json	de8500740cdcabffb9734f503e4889def823cf10		LICENSE-APACHE@sha256:62c7a1e35f56406896d7aa7ca52d0cc0d272ac022b5d2796e7d6905db8a3636a;LICENSE-MIT@sha256:23f18e03dc49df91622fe2a76176497404e46ced8a715d9d2b67a7446571cca3
serde_repr	0.1.21	registry+https://github.com/rust-lang/crates.io-index	8d3b1629de253c70a0508c3899572da79ca359fdab27c7920ff00406df418906	MIT OR Apache-2.0	MIT OR Apache-2.0	https://github.com/dtolnay/serde-repr	205ce23cf7c55981be8c1e02ac87695c57a13ee0		LICENSE-APACHE@sha256:62c7a1e35f56406896d7aa7ca52d0cc0d272ac022b5d2796e7d6905db8a3636a;LICENSE-MIT@sha256:23f18e03dc49df91622fe2a76176497404e46ced8a715d9d2b67a7446571cca3
shlex	2.0.1	registry+https://github.com/rust-lang/crates.io-index	f8fadd59c855ef2080decdef8ff161eb6661b86933c9d82e5ba29dc602a55aba	MIT OR Apache-2.0	MIT OR Apache-2.0	https://github.com/comex/rust-shlex	e82b1411beb7c92871c2c078c9ab415bbcf207ef		LICENSE-APACHE@sha256:553fffcd9b1cb158bc3e9edc35da85ca5c3b3d7d2e61c883ebcfa8a65814b583;LICENSE-MIT@sha256:4455bf75a91154108304cb283e0fea9948c14f13e20d60887cf2552449dea3b1
signal-hook-registry	1.4.8	registry+https://github.com/rust-lang/crates.io-index	c4db69cba1110affc0e9f7bcd48bbf87b3f4fc7c61fc9155afd4c469eb3d6c1b	MIT OR Apache-2.0	MIT OR Apache-2.0	https://github.com/vorner/signal-hook	4d5fd6a6663be38e70774e4ac733d65916c70951	signal-hook-registry	LICENSE-APACHE@sha256:a60eea817514531668d7e00765731449fe14d059d3249e0bc93b36de45f759f2;LICENSE-MIT@sha256:503558bfefe66ca15e4e3f7955b3cb0ec87fd52f29bf24b336af7bd00e946d5c
simd-adler32	0.3.10	registry+https://github.com/rust-lang/crates.io-index	3a219298ac11a56ea9a6d2120044824d6f01aeb034955e7af7bc16858527deea	MIT	MIT	https://github.com/mcountryman/simd-adler32	d93164f98d7fe2daf883f2e1bec82778dd26199a		LICENSE.md@sha256:42a35170233e83e18856792e748de4c1ce4a63b2afce9a370c89ef3fe23f9f2d
simplecss	0.2.2	registry+https://github.com/rust-lang/crates.io-index	7a9c6883ca9c3c7c90e888de77b7a5c849c779d25d74a1269b0218b14e8b136c	Apache-2.0 OR MIT	Apache-2.0 OR MIT	https://github.com/linebender/simplecss	6eacb39ca5c4c2390bfde374ed0651f0e35c9d8d		LICENSE-APACHE@sha256:a60eea817514531668d7e00765731449fe14d059d3249e0bc93b36de45f759f2;LICENSE-MIT@sha256:0b5f24524360e15bcf9fb79bca875f5aa62f01f94f2988e23238c7ec0e6e8784
siphasher	1.0.3	registry+https://github.com/rust-lang/crates.io-index	8ee5873ec9cce0195efcb7a4e9507a04cd49aec9c83d0389df45b1ef7ba2e649	MIT/Apache-2.0	MIT OR Apache-2.0	https://github.com/jedisct1/rust-siphash	451f67d73a772cba325728109bbfa247750ed076		COPYING@sha256:c962ee4d1d05ddc138b202b2540219ebc57893fcf97b364852094a9a94ce1365
slab	0.4.12	registry+https://github.com/rust-lang/crates.io-index	0c790de23124f9ab44544d7ac05d60440adc586479ce501c1d6d7da3cd8c9cf5	MIT	MIT	https://github.com/tokio-rs/slab	a1e4346070a48c936d808de75191dee5d01e433c		LICENSE@sha256:8ce0830173fdac609dfb4ea603fdc002c2f4af0dc9b1a005653f5da9cf534b18
smallvec	1.15.2	registry+https://github.com/rust-lang/crates.io-index	8ed6a63f02c8539c91a8685a86f4099661ba3da017932f6ebbea6de3f0fa7c90	MIT OR Apache-2.0	MIT OR Apache-2.0	https://github.com/servo/rust-smallvec	c469051a1ba05ef1a03dd69e14b4a5aa329e6f10		LICENSE-APACHE@sha256:a60eea817514531668d7e00765731449fe14d059d3249e0bc93b36de45f759f2;LICENSE-MIT@sha256:0b28172679e0009b655da42797c03fd163a3379d5cfa67ba1f1655e974a2a1a9
smithay-client-toolkit	0.20.0	registry+https://github.com/rust-lang/crates.io-index	0512da38f5e2b31201a93524adb8d3136276fa4fe4aafab4e1f727a82b534cc0	MIT	MIT	https://github.com/smithay/client-toolkit	8a0b33616145b38c7f989f8e468d57e69a2a6748		LICENSE.txt@sha256:13c0147abe1c7607fde840e2dffcde75bf925aea504b2845b7be4869a5af2afc
static_assertions	1.1.0	registry+https://github.com/rust-lang/crates.io-index	a2eb9349b6444b326872e140eb1cf5e7c522154d69e7a0ffb0fb81c06b37543f	MIT OR Apache-2.0	MIT OR Apache-2.0	https://github.com/nvzqz/static-assertions-rs	18bc65a094d890fe1faa5d3ccb70f12b89eabf56		LICENSE-APACHE@sha256:cfc7749b96f63bd31c3c42b5c471bf756814053e847c10f3eb003417bc523d30;LICENSE-MIT@sha256:ea084a2373ebc1f0902c09266e7bf25a05ab3814c1805bb017ffa7308f90c061
strict-num	0.1.1	registry+https://github.com/rust-lang/crates.io-index	6637bab7722d379c8b41ba849228d680cc12d0a45ba1fa2b48f2a30577a06731	MIT	MIT	https://github.com/RazrFalcon/strict-num	edf5020c215063c3a9eb8fcac463c82eaceba6df		LICENSE@sha256:3085885678bb161f6c472bbd331f66a2550b555eb76128f7f8247779128199c0
svgtypes	0.15.3	registry+https://github.com/rust-lang/crates.io-index	68c7541fff44b35860c1a7a47a7cadf3e4a304c457b58f9870d9706ece028afc	Apache-2.0 OR MIT	Apache-2.0 OR MIT	https://github.com/linebender/svgtypes	537dd52402ad9e9d91b414886acb2e8bddade78f		LICENSE-APACHE@sha256:a60eea817514531668d7e00765731449fe14d059d3249e0bc93b36de45f759f2;LICENSE-MIT@sha256:f3c9fe731c701ed77fd5fbaac573872af04dc5869385eb9bd5e3c73c42713814
syn	2.0.119	registry+https://github.com/rust-lang/crates.io-index	872831b642d1a07999a962a351ed35b955ea2cfc8f3862091e2a240a84f17297	MIT OR Apache-2.0	MIT OR Apache-2.0	https://github.com/dtolnay/syn	3295f9e9841785ac88a5e558c884854d5fb7d67f		LICENSE-APACHE@sha256:62c7a1e35f56406896d7aa7ca52d0cc0d272ac022b5d2796e7d6905db8a3636a;LICENSE-MIT@sha256:23f18e03dc49df91622fe2a76176497404e46ced8a715d9d2b67a7446571cca3
syn	3.0.3	registry+https://github.com/rust-lang/crates.io-index	53e9bae58849f64dfa4f5d5ae372c8341f7305f82a3868709269343628b659a3	MIT OR Apache-2.0	MIT OR Apache-2.0	https://github.com/dtolnay/syn	23dbaab4b0c43f56cd803894054cf366661e53b0		LICENSE-APACHE@sha256:62c7a1e35f56406896d7aa7ca52d0cc0d272ac022b5d2796e7d6905db8a3636a;LICENSE-MIT@sha256:23f18e03dc49df91622fe2a76176497404e46ced8a715d9d2b67a7446571cca3
thiserror	2.0.20	registry+https://github.com/rust-lang/crates.io-index	ec86235f5fcc2a73650310756d2ac5b138a5780bbbdfae3eeccec992c435ba4f	MIT OR Apache-2.0	MIT OR Apache-2.0	https://github.com/dtolnay/thiserror	b1d5db5e039275d95bf7536a2b2192aeb4dc28bf		LICENSE-APACHE@sha256:62c7a1e35f56406896d7aa7ca52d0cc0d272ac022b5d2796e7d6905db8a3636a;LICENSE-MIT@sha256:23f18e03dc49df91622fe2a76176497404e46ced8a715d9d2b67a7446571cca3
thiserror-impl	2.0.20	registry+https://github.com/rust-lang/crates.io-index	bc04cd3e1236dd4a98afca4569f2deb3f120e5422a4023be2cb683f8486292af	MIT OR Apache-2.0	MIT OR Apache-2.0	https://github.com/dtolnay/thiserror	b1d5db5e039275d95bf7536a2b2192aeb4dc28bf	impl	LICENSE-APACHE@sha256:62c7a1e35f56406896d7aa7ca52d0cc0d272ac022b5d2796e7d6905db8a3636a;LICENSE-MIT@sha256:23f18e03dc49df91622fe2a76176497404e46ced8a715d9d2b67a7446571cca3
tiny-skia	0.11.4	registry+https://github.com/rust-lang/crates.io-index	83d13394d44dae3207b52a326c0c85a8bf87f1541f23b0d143811088497b09ab	BSD-3-Clause	BSD-3-Clause	https://github.com/RazrFalcon/tiny-skia	ce3fe9bab0659fb928d6c22c03b74e009a8a2b77		LICENSE@sha256:6d41e05f1d54fe726997cb0334ec539f1dff50600b1d5d90462ec2b392770ced
tiny-skia-path	0.11.4	registry+https://github.com/rust-lang/crates.io-index	9c9e7fc0c2e86a30b117d0462aa261b72b7a99b7ebd7deb3a14ceda95c5bdc93	BSD-3-Clause	BSD-3-Clause	https://github.com/RazrFalcon/tiny-skia/tree/master/path	ce3fe9bab0659fb928d6c22c03b74e009a8a2b77	path	LICENSE@sha256:6d41e05f1d54fe726997cb0334ec539f1dff50600b1d5d90462ec2b392770ced
toml_datetime	1.1.1+spec-1.1.0	registry+https://github.com/rust-lang/crates.io-index	3165f65f62e28e0115a00b2ebdd37eb6f3b641855f9d636d3cd4103767159ad7	MIT OR Apache-2.0	MIT OR Apache-2.0	https://github.com/toml-rs/toml	9db8aad6eafbc62f6b9d1950117649cc41eaf695	crates/toml_datetime	LICENSE-APACHE@sha256:c6596eb7be8581c18be736c846fb9173b69eccf6ef94c5135893ec56bd92ba08;LICENSE-MIT@sha256:6efb0476a1cc085077ed49357026d8c173bf33017278ef440f222fb9cbcb66e6
toml_edit	0.25.13+spec-1.1.0	registry+https://github.com/rust-lang/crates.io-index	6975367e4d2ef766d86af01ffad14b622fecc8d4357a998fbc4deb6e9bacaf9b	MIT OR Apache-2.0	MIT OR Apache-2.0	https://github.com/toml-rs/toml	eb251609a333580bf005cae27df853bb63dffdbe	crates/toml_edit	LICENSE-APACHE@sha256:c6596eb7be8581c18be736c846fb9173b69eccf6ef94c5135893ec56bd92ba08;LICENSE-MIT@sha256:6efb0476a1cc085077ed49357026d8c173bf33017278ef440f222fb9cbcb66e6
toml_parser	1.1.3+spec-1.1.0	registry+https://github.com/rust-lang/crates.io-index	1d38ac1cf9b95face32296c0a3ede1fdc270627c9d9c02a7274dd6d960dc4d56	MIT OR Apache-2.0	MIT OR Apache-2.0	https://github.com/toml-rs/toml	4ec099fed591a172f82007cb2f9d605985bbecee	crates/toml_parser	LICENSE-APACHE@sha256:c6596eb7be8581c18be736c846fb9173b69eccf6ef94c5135893ec56bd92ba08;LICENSE-MIT@sha256:6efb0476a1cc085077ed49357026d8c173bf33017278ef440f222fb9cbcb66e6
tracing	0.1.44	registry+https://github.com/rust-lang/crates.io-index	63e71662fa4b2a2c3a26f570f037eb95bb1f85397f3cd8076caed2f026a6d100	MIT	MIT	https://github.com/tokio-rs/tracing	2d55f6faf9be83e7e4634129fb96813241aac2b8	tracing	LICENSE@sha256:898b1ae9821e98daf8964c8d6c7f61641f5f5aa78ad500020771c0939ee0dea1
tracing-attributes	0.1.31	registry+https://github.com/rust-lang/crates.io-index	7490cfa5ec963746568740651ac6781f701c9c5ea257c58e057f3ba8cf69e8da	MIT	MIT	https://github.com/tokio-rs/tracing	55086231ec4aaeffcaab9932e696f40278f06bd1	tracing-attributes	LICENSE@sha256:898b1ae9821e98daf8964c8d6c7f61641f5f5aa78ad500020771c0939ee0dea1
tracing-core	0.1.36	registry+https://github.com/rust-lang/crates.io-index	db97caf9d906fbde555dd62fa95ddba9eecfd14cb388e4f491a66d74cd5fb79a	MIT	MIT	https://github.com/tokio-rs/tracing	10a9e838a35e6ded79d66af246be2ee05417136d	tracing-core	LICENSE@sha256:898b1ae9821e98daf8964c8d6c7f61641f5f5aa78ad500020771c0939ee0dea1;src/spin/LICENSE@sha256:58545fed1565e42d687aecec6897d35c6d37ccb71479a137c0deb2203e125c79
ttf-parser	0.25.1	registry+https://github.com/rust-lang/crates.io-index	d2df906b07856748fa3f6e0ad0cbaa047052d4a7dd609e231c4f72cee8c36f31	MIT OR Apache-2.0	MIT OR Apache-2.0	https://github.com/harfbuzz/ttf-parser	56c33b910b03ca152f78363ec471c5dfd97c3069		LICENSE-APACHE@sha256:a60eea817514531668d7e00765731449fe14d059d3249e0bc93b36de45f759f2;LICENSE-MIT@sha256:f3c9fe731c701ed77fd5fbaac573872af04dc5869385eb9bd5e3c73c42713814
unicode-ident	1.0.24	registry+https://github.com/rust-lang/crates.io-index	e6e4313cd5fcd3dad5cafa179702e2b244f760991f45397d14d4ebf38247da75	(MIT OR Apache-2.0) AND Unicode-3.0	(MIT OR Apache-2.0) AND Unicode-3.0	https://github.com/dtolnay/unicode-ident	5b54a632702b5744a1c40ea01c127c0ac0498172		LICENSE-APACHE@sha256:62c7a1e35f56406896d7aa7ca52d0cc0d272ac022b5d2796e7d6905db8a3636a;LICENSE-MIT@sha256:23f18e03dc49df91622fe2a76176497404e46ced8a715d9d2b67a7446571cca3;LICENSE-UNICODE@sha256:f7db81051789b729fea528a63ec4c938fdcb93d9d61d97dc8cc2e9df6d47f2a1
usvg	0.45.1	registry+https://github.com/rust-lang/crates.io-index	80be9b06fbae3b8b303400ab20778c80bbaf338f563afe567cf3c9eea17b47ef	Apache-2.0 OR MIT	Apache-2.0 OR MIT	https://github.com/linebender/resvg	1b6c2fddbcbeffa8135df4323b02aaae84890907	crates/usvg	LICENSE-APACHE@sha256:a6cba85bc92e0cff7a450b1d873c0eaa2e9fc96bf472df0247a26bec77bf3ff9;LICENSE-MIT@sha256:f5d934dc281b44e0003ee461ac740b18b6629a454decd872c774d34e4ee0b21d
uuid	1.24.0	registry+https://github.com/rust-lang/crates.io-index	bf3923a6f5c4c6382e0b653c4117f48d631ea17f38ed86e2a828e6f7412f5239	Apache-2.0 OR MIT	Apache-2.0 OR MIT	https://github.com/uuid-rs/uuid	6a8aeab3d02838f6fef71e69cdfda963e8c4158b		LICENSE-APACHE@sha256:a60eea817514531668d7e00765731449fe14d059d3249e0bc93b36de45f759f2;LICENSE-MIT@sha256:436bc5a105d8e57dcd8778730f3754f7bf39c14d2f530e4cde4bd2d17a83ec3d
wayland-backend	0.3.16	registry+https://github.com/rust-lang/crates.io-index	016ccf01d1c58b6f8999612813e17c9b2390f7d70671428869913310f83f54b8	MIT	MIT	https://github.com/smithay/wayland-rs	05196740da57e41b60a9e9f8e35079e9bd29b89a	wayland-backend	LICENSE.txt@sha256:1cb6f4dee8c649f175736380495f0af0c753c87f22d50931692968bb24bf2161
wayland-client	0.31.15	registry+https://github.com/rust-lang/crates.io-index	e3c36a0f861ad76d0901f2800b46321410d9f73f2ea88aac0650d86c32688073	MIT	MIT	https://github.com/smithay/wayland-rs	05196740da57e41b60a9e9f8e35079e9bd29b89a	wayland-client	LICENSE.txt@sha256:1cb6f4dee8c649f175736380495f0af0c753c87f22d50931692968bb24bf2161
wayland-csd-frame	0.3.0	registry+https://github.com/rust-lang/crates.io-index	625c5029dbd43d25e6aa9615e88b829a5cad13b2819c4ae129fdbb7c31ab4c7e	MIT	MIT	https://github.com/rust-windowing/wayland-csd-frame	e9a510b13a96e9a1fabb31d3bf3f28cab702d003		LICENSE@sha256:c138726a726ac37bae09d0f8a48e74e8e3aa8a8952fcd10fae0fb224cc1c05f1
wayland-cursor	0.31.14	registry+https://github.com/rust-lang/crates.io-index	4a52d18780be9b1314328a3de5f930b73d2200112e3849ca6cb11822793fb34d	MIT	MIT	https://github.com/smithay/wayland-rs	a3d7927d87799b2955bf491b51c7c2a3a82da661	wayland-cursor	LICENSE.txt@sha256:1cb6f4dee8c649f175736380495f0af0c753c87f22d50931692968bb24bf2161
wayland-protocols	0.32.13	registry+https://github.com/rust-lang/crates.io-index	23d0c813de3daa2ed6520af85a3bd49b0e722a3078506899aa9686fea58dc4b6	MIT	MIT	https://github.com/smithay/wayland-rs	661cf141f5de4ec83559125b3d8bb1c79f25116b	wayland-protocols	LICENSE.txt@sha256:1cb6f4dee8c649f175736380495f0af0c753c87f22d50931692968bb24bf2161;protocols/COPYING@sha256:f1a2b233e8a9a71c40f4aa885be08a0842ac85bb8588703c1dd7e6e6502e3124
wayland-protocols-experimental	20250721.0.1	registry+https://github.com/rust-lang/crates.io-index	40a1f863128dcaaec790d7b4b396cc9b9a7a079e878e18c47e6c2d2c5a8dcbb1	MIT	MIT	https://github.com/smithay/wayland-rs	3a45d67679d763cb813062530d50d0538f4312ae	wayland-protocols-experimental	LICENSE.txt@sha256:1cb6f4dee8c649f175736380495f0af0c753c87f22d50931692968bb24bf2161
wayland-protocols-misc	0.3.12	registry+https://github.com/rust-lang/crates.io-index	6e9567599ef23e09b8dad6e429e5738d4509dfc46b3b21f32841a304d16b29c8	MIT	MIT	https://github.com/smithay/wayland-rs	a3d7927d87799b2955bf491b51c7c2a3a82da661	wayland-protocols-misc	LICENSE.txt@sha256:1cb6f4dee8c649f175736380495f0af0c753c87f22d50931692968bb24bf2161
wayland-protocols-wlr	0.3.12	registry+https://github.com/rust-lang/crates.io-index	eb04e52f7836d7c7976c78ca0250d61e33873c34156a2a1fc9474828ec268234	MIT	MIT	https://github.com/smithay/wayland-rs	a3d7927d87799b2955bf491b51c7c2a3a82da661	wayland-protocols-wlr	LICENSE.txt@sha256:1cb6f4dee8c649f175736380495f0af0c753c87f22d50931692968bb24bf2161
wayland-scanner	0.31.11	registry+https://github.com/rust-lang/crates.io-index	338e30461b3a2b67d70eb30a6d89f8e0c93a833e07d2ae89085cd070c4a00ac0	MIT	MIT	https://github.com/smithay/wayland-rs	05196740da57e41b60a9e9f8e35079e9bd29b89a	wayland-scanner	LICENSE.txt@sha256:1cb6f4dee8c649f175736380495f0af0c753c87f22d50931692968bb24bf2161
wayland-server	0.31.14	registry+https://github.com/rust-lang/crates.io-index	0dde9c29be0f723a573977de51ee455bf3dfa03652730a74f9dd3b337e374d75	MIT	MIT	https://github.com/smithay/wayland-rs	05196740da57e41b60a9e9f8e35079e9bd29b89a	wayland-server	LICENSE.txt@sha256:1cb6f4dee8c649f175736380495f0af0c753c87f22d50931692968bb24bf2161
wayland-sys	0.31.11	registry+https://github.com/rust-lang/crates.io-index	d8eab23fefc9e41f8e841df4a9c707e8a8c4ed26e944ef69297184de2785e3be	MIT	MIT	https://github.com/smithay/wayland-rs	a3d7927d87799b2955bf491b51c7c2a3a82da661	wayland-sys	LICENSE.txt@sha256:1cb6f4dee8c649f175736380495f0af0c753c87f22d50931692968bb24bf2161
winnow	1.0.4	registry+https://github.com/rust-lang/crates.io-index	23b97319f7b8343df12cc98938e5c3eb436064524c8d2b4e30a1d3a36eecdf81	MIT	MIT	https://github.com/winnow-rs/winnow	7539ec0fc27144bfdcf9a68b0dbbec48bd0d5bae		LICENSE-MIT@sha256:cb5aedb296c5246d1f22e9099f925a65146f9f0d6b4eebba97fd27a6cdbbab2d
xcursor	0.3.11	registry+https://github.com/rust-lang/crates.io-index	163b33ed8786455e2fa5d72f554057ce3f3182425434f756cd39c99839d88e23	MIT	MIT	https://github.com/esposm03/xcursor-rs	4760fa50b9352168e1b740c1ff75f37697620423		LICENSE@sha256:31dc8e96da19f1bb02bb4b6cd18d35c50287fa778c4722efd349ae2f2d5938be
xkbcommon	0.8.0	registry+https://github.com/rust-lang/crates.io-index	8d66ca9352cbd4eecbbc40871d8a11b4ac8107cfc528a6e14d7c19c69d0e1ac9	MIT	MIT	https://github.com/rust-x-bindings/xkbcommon-rs	02e6d6cd1347e76025451a3462933d543bc7f811		LICENSE@sha256:aab1dc4d53ee52f6ad44bc11321b753c9e8c9b15e89ff533535753bbd5bceff5
xkeysym	0.2.1	registry+https://github.com/rust-lang/crates.io-index	b9cc00251562a284751c9973bace760d86c0276c471b4be569fe6b068ee97a56	MIT OR Apache-2.0 OR Zlib	MIT OR Apache-2.0 OR Zlib	https://github.com/notgull/xkeysym	77596eb8319f8d7a97db6477f307a94a0905c439		LICENSE-APACHE@sha256:d4aca2f5936fa638b062f0585df37eec086ca8620d437b2d6be2c95f01199d1a;LICENSE-MIT@sha256:875e64a5df9f892ebd29c71ad0b58a765b5789d7e9142aa70ec07fae74a67686;LICENSE-ZLIB@sha256:319736510aa7dbd6f49546f6ee57c787dbe2c7dfa0507dfbd543375f86a4416d
xmlwriter	0.1.0	registry+https://github.com/rust-lang/crates.io-index	ec7a2a501ed189703dba8b08142f057e887dfc4b2cc4db2d343ac6376ba3e0b9	MIT	MIT	https://github.com/RazrFalcon/xmlwriter	5fdcff47da7d71896b55a1bc0e4b561171e232d6		LICENSE@sha256:2cdce1ff4ca8f455ef169691ea493407e23c32ecdea5fd9b3a6fc82be5b49b5a
zbus	5.18.0	registry+https://github.com/rust-lang/crates.io-index	fe18fb60dc696039e738717b76eaea21e7a4489bbb1885020b43c94236d7e98a	MIT	MIT	https://github.com/z-galaxy/zbus/	39483146d1e625a0a6da297b3aa1749ddf4bfe2a	zbus	LICENSE@sha256:260e4ff3fc493695880c90774283eb1e3d018f898fabe655bbd52dd2cbd2fcad
zbus-lockstep	0.5.2	registry+https://github.com/rust-lang/crates.io-index	6998de05217a084b7578728a9443d04ea4cd80f2a0839b8d78770b76ccd45863	MIT	MIT	https://github.com/luukvanderduim/zbus-lockstep	9bda5264dfe1dc7eaa7738f839ff977315c31b84	zbus-lockstep	LICENSE-MIT@sha256:23f18e03dc49df91622fe2a76176497404e46ced8a715d9d2b67a7446571cca3
zbus-lockstep-macros	0.5.2	registry+https://github.com/rust-lang/crates.io-index	10da05367f3a7b7553c8cdf8fa91aee6b64afebe32b51c95177957efc47ca3a0	MIT	MIT	https://github.com/luukvanderduim/zbus-lockstep	9bda5264dfe1dc7eaa7738f839ff977315c31b84	zbus-lockstep-macros	LICENSE-MIT@sha256:23f18e03dc49df91622fe2a76176497404e46ced8a715d9d2b67a7446571cca3
zbus_macros	5.18.0	registry+https://github.com/rust-lang/crates.io-index	fe96480bed92df2b442a1a30df364e12d08eed03aeb061f2b8dc6afb2be91119	MIT	MIT	https://github.com/z-galaxy/zbus/	39483146d1e625a0a6da297b3aa1749ddf4bfe2a	zbus_macros	LICENSE@sha256:260e4ff3fc493695880c90774283eb1e3d018f898fabe655bbd52dd2cbd2fcad
zbus_names	4.3.4	registry+https://github.com/rust-lang/crates.io-index	d8bf88b4a3ff53e883001e0e0115b297a9d53c31b9c1edd2bfdd853e3428624e	MIT	MIT	https://github.com/z-galaxy/zbus/	39483146d1e625a0a6da297b3aa1749ddf4bfe2a	zbus_names	LICENSE@sha256:260e4ff3fc493695880c90774283eb1e3d018f898fabe655bbd52dd2cbd2fcad
zbus_xml	5.2.1	registry+https://github.com/rust-lang/crates.io-index	d1586c021a01ca0a9216dcd874e546382e156a5cbab5fab6cb5f10087e22682a	MIT	MIT	https://github.com/z-galaxy/zbus/	39483146d1e625a0a6da297b3aa1749ddf4bfe2a	zbus_xml	LICENSE@sha256:260e4ff3fc493695880c90774283eb1e3d018f898fabe655bbd52dd2cbd2fcad
zmij	1.0.23	registry+https://github.com/rust-lang/crates.io-index	29666d0abbfad1e3dc4dcf6144730dd3a3ab225bbbdac83319345b1b44ccfc1b	MIT	MIT	https://github.com/dtolnay/zmij	7b7cc48b58028e8af7be87e94c0c1c8936f1a57c		LICENSE-MIT@sha256:23f18e03dc49df91622fe2a76176497404e46ced8a715d9d2b67a7446571cca3
zvariant	5.13.1	registry+https://github.com/rust-lang/crates.io-index	bee2a0bcd2a907786a456fff45aaaaf54c9ba5f50b71ae9ec1a4edd200c94911	MIT	MIT	https://github.com/z-galaxy/zbus/	39483146d1e625a0a6da297b3aa1749ddf4bfe2a	zvariant	LICENSE@sha256:260e4ff3fc493695880c90774283eb1e3d018f898fabe655bbd52dd2cbd2fcad
zvariant_derive	5.13.1	registry+https://github.com/rust-lang/crates.io-index	38a708216a18780796770bfe3f4739c7c83a3e8f789b755534bbbc06e4e23e12	MIT	MIT	https://github.com/z-galaxy/zbus/	39483146d1e625a0a6da297b3aa1749ddf4bfe2a	zvariant_derive	LICENSE@sha256:260e4ff3fc493695880c90774283eb1e3d018f898fabe655bbd52dd2cbd2fcad
zvariant_utils	3.5.0	registry+https://github.com/rust-lang/crates.io-index	90cb9383f9b45290407a1258b202d3f8f01db719eb60b4e4055c6375af4fc7c7	MIT	MIT	https://github.com/z-galaxy/zbus/	61c0495b08aa2d460941b0e59d5e3c44c1ccb529	zvariant_utils	LICENSE@sha256:23f18e03dc49df91622fe2a76176497404e46ced8a715d9d2b67a7446571cca3
