adwaita-icon-theme	50.0-2
apt	3.3.2
at-spi2-common	2.61.1-1
at-spi2-core	2.61.1-1
baloo6	6.28.0-1
base-files	14.2
base-passwd	3.6.8
bash	5.3-3
bsdextrautils	2.42.2-2
bsdutils	1:2.42.2-2
bubblewrap	0.11.2-2
ca-certificates	20260601
chromium	151.0.7922.71-1
chromium-common	151.0.7922.71-1
coreutils	9.10-1
cuda-cudart-13-1	13.1.80-1
cuda-toolkit-13-1-config-common	13.1.80-1
cuda-toolkit-13-config-common	13.3.29-1
cuda-toolkit-config-common	13.3.29-1
curl	8.21.0-2
dash	0.5.12-12
dbus	1.16.2-5+b1
dbus-bin	1.16.2-5+b1
dbus-daemon	1.16.2-5+b1
dbus-session-bus-common	1.16.2-5
dbus-system-bus-common	1.16.2-5
dbus-user-session	1.16.2-5+b1
dbus-x11	1.16.2-5+b1
dconf-gsettings-backend:amd64	0.49.0-4+b1
dconf-service	0.49.0-4+b1
debconf	1.5.92
debian-archive-keyring	2025.1
debianutils	5.23.2
desktop-file-utils	0.28-1
diffutils	1:3.12-1
dirmngr	2.4.9-7
dolphin	4:26.04.0-1
dolphin-data	4:26.04.0-1
dpkg	1.23.7
exo-utils	4.20.0-1+b2
ffmpeg	7:8.1.2-2+b1
findutils	4.11.0-2
firefox-esr	140.13.0esr-2
fontconfig	2.17.1-5
fontconfig-config	2.17.1-5
fonts-dejavu-core	2.37-9
fonts-dejavu-mono	2.37-9
fonts-noto-cjk	1:20240730+repack1-1
fonts-noto-color-emoji	2.051-1
fonts-noto-core	20201225-6
fonts-noto-mono	20201225-6
foot	1.27.0-1
fuse3	3.18.2-2
gcc-16-base:amd64	16.1.0-3
gir1.2-atspi-2.0:amd64	2.61.1-1
gir1.2-freedesktop:amd64	1.86.0-6+b2
gir1.2-girepository-3.0:amd64	2.88.3-2
gir1.2-glib-2.0:amd64	2.88.3-2
glib-networking-common	2.80.1-1
glib-networking-services	2.80.1-1+b2
glib-networking:amd64	2.80.1-1+b2
glycin-loaders	2.1.5+ds-2
glycin-thumbnailers	2.1.5+ds-2
gnome-themes-extra-data	3.28-5
gnupg	2.4.9-7
gnupg-l10n	2.4.9-7
gpg	2.4.9-7
gpg-agent	2.4.9-7
gpgconf	2.4.9-7
gpgsm	2.4.9-7
grep	3.12-1
grim	1.5.0+ds-1
groff-base	1.24.1-1
gsettings-desktop-schemas	50.1-2
gstreamer1.0-pipewire:amd64	1.6.8-1
gstreamer1.0-plugins-bad:amd64	1.28.5-2
gstreamer1.0-plugins-base:amd64	1.28.5-1
gstreamer1.0-plugins-good:amd64	1.28.5-1
gstreamer1.0-tools	1.28.5-1
gtk-update-icon-cache	4.22.4+ds-1
gzip	1.13-1
hicolor-icon-theme	0.18-2
hostname	3.25
init-system-helpers	1.69
iso-codes	4.20.1-1
kded6	6.28.0-1
kio6	6.28.0-1
kwallet6	6.28.0-1
libaa1:amd64	1.4p5-51.1+b2
libabsl20260526:amd64	20260526.0-2
libacl1:amd64	2.4.0-1
libaom3:amd64	3.14.1-1
libapparmor1:amd64	4.1.7-5
libappimage1.0abi1t64:amd64	1.0.4-5-7+b1
libapt-pkg7.0:amd64	3.3.2
libarchive13t64:amd64	3.8.9-1
libasound2-data	1.2.16.1-1
libasound2t64:amd64	1.2.16.1-1
libass9:amd64	1:0.17.5-1
libassuan9:amd64	3.0.2-2+b2
libasyncns0:amd64	0.8-8
libatk-adaptor:amd64	2.61.1-1
libatk-bridge2.0-0t64:amd64	2.61.1-1
libatk1.0-0t64:amd64	2.61.1-1
libatomic1:amd64	16.1.0-3
libatspi2.0-0t64:amd64	2.61.1-1
libattr1:amd64	1:2.6.0-1
libaudit-common	1:4.1.2-1
libaudit1:amd64	1:4.1.2-1+b1
libavahi-client3:amd64	0.8-18
libavahi-common-data:amd64	0.8-18
libavahi-common3:amd64	0.8-18
libavc1394-0:amd64	0.5.4-6
libavcodec62:amd64	7:8.1.2-2+b1
libavdevice62:amd64	7:8.1.2-2+b1
libavfilter11:amd64	7:8.1.2-2+b1
libavformat62:amd64	7:8.1.2-2+b1
libavtp0:amd64	0.2.0-2+b2
libavutil60:amd64	7:8.1.2-2+b1
libb2-1:amd64	0.98.1-1.1+b3
libblkid1:amd64	2.42.2-2
libbluray3:amd64	1:1.4.1-2
libboost-filesystem1.90.0:amd64	1.90.0-6
libbrotli1:amd64	1.2.0-3
libbs2b0:amd64	3.1.0+dfsg-8+b2
libbsd0:amd64	0.12.2-3
libbz2-1.0:amd64	1.0.8-6+b2
libc-bin	2.42-17
libc-gconv-modules-extra:amd64	2.42-17
libc6:amd64	2.42-17
libcaca0:amd64	0.99.beta20-8
libcairo-gobject2:amd64	1.18.4-3+b1
libcairo-script-interpreter2:amd64	1.18.4-3+b1
libcairo2:amd64	1.18.4-3+b1
libcairomm-1.16-1:amd64	1.18.1-1
libcanberra0:amd64	0.30-20+b1
libcap-ng0:amd64	0.9.3-1+b1
libcap2-bin	1:2.78-1
libcap2:amd64	1:2.78-1
libcbor0.10:amd64	0.10.2-2.1+b1
libcdio-cdda2t64:amd64	10.2+2.0.2-2+b2
libcdio-paranoia2t64:amd64	10.2+2.0.2-2+b2
libcdio19t64:amd64	2.2.0-4.1
libcdparanoia0:amd64	3.10.2+debian-14+b2
libchromaprint1:amd64	1.6.0-3
libcjson1:amd64	1.7.19-2+b1
libcloudproviders0:amd64	0.4.0-2+b1
libcodec2-1.2:amd64	1.2.0-5
libcolord2:amd64	1.4.8-3
libcom-err2:amd64	1.47.4-1
libconfig++11:amd64	1.7.3-2.1+b1
libcpuinfo0:amd64	0.0~git20250905.877328f-1+b1
libcrypt1:amd64	1:4.5.1-1+b1
libcublas-13-1	13.2.2.2-1
libcups2t64:amd64	2.4.18-1
libcurl3t64-gnutls:amd64	8.21.0-2
libcurl4-gnutls:amd64	8.21.0-2
libcurl4t64:amd64	8.21.0-2
libdatrie1:amd64	0.2.14-2
libdav1d7:amd64	1.5.4-1
libdb5.3t64:amd64	5.3.28+dfsg2-11+b1
libdbus-1-3:amd64	1.16.2-5+b1
libdc1394-25:amd64	2.2.6-6+b2
libdca0:amd64	0.0.7-3
libdconf1:amd64	0.49.0-4+b1
libde265-0:amd64	1.1.1-1
libdebconfclient0:amd64	0.283
libdecor-0-0:amd64	0.2.5-1+b1
libdeflate0:amd64	1.25-1
libdisplay-info3:amd64	0.3.0-1+b1
libdnnl3.6:amd64	3.12.1+ds-3
libdolphinvcs6:amd64	4:26.04.0-1
libdouble-conversion3:amd64	3.4.0-1+b1
libdrm-amdgpu1:amd64	2.4.134-3
libdrm-common	2.4.134-3
libdrm-intel1:amd64	2.4.134-3
libdrm2:amd64	2.4.134-3
libduktape207:amd64	2.7.0-2+b3
libdv4t64:amd64	1.0.0-17.1+b2
libdvdnav4:amd64	7.0.0-2+b1
libdvdread8t64:amd64	7.1.1-1
libebur128-1:amd64	1.2.6-2+b2
libedit2:amd64	3.1-20260512-1
libegl-mesa0:amd64	26.1.5-1
libegl1:amd64	1.7.0-3+b1
libei1:amd64	1.5.0-3+b1
libelf1t64:amd64	0.195-1
libepoxy0:amd64	1.5.10-2+b2
libevdev2:amd64	1.13.6+dfsg-3
libevent-2.1-7t64:amd64	2.1.13-stable-1
libexif12:amd64	0.6.26-1
libexiv2-28:amd64	0.28.8+dfsg-1
libexiv2-data	0.28.8+dfsg-1
libexo-2-0:amd64	4.20.0-1+b2
libexo-common	4.20.0-1
libexpat1:amd64	2.8.2-1
libfaad2:amd64	2.11.2-1+b2
libfarmhash0:amd64	0~git20190513.0d859a8-4+b2
libfcft4t64	3.3.3-1
libffado2:amd64	2.5.0-5
libffi8:amd64	3.7.1-2
libfftw3-double3:amd64	3.3.11-1
libfftw3-single3:amd64	3.3.11-1
libfido2-1:amd64	1.17.0-2
libflac14:amd64	1.5.0+ds-5+b1
libflite1:amd64	2.2-7+b2
libfluidsynth3:amd64	2.5.7+dfsg-1
libfontconfig1:amd64	2.17.1-5
libfontenc1:amd64	1:1.1.8-1+b3
libfreeaptx0:amd64	0.2.2-1+b2
libfreetype6:amd64	2.14.3+dfsg-2
libfribidi0:amd64	1.0.16-5+b1
libfuse2t64:amd64	2.9.9-9+b2
libfuse3-4:amd64	3.18.2-2
libgbm1:amd64	26.1.5-1
libgcc-s1:amd64	16.1.0-3
libgcrypt20:amd64	1.12.2-1
libgdbm6t64:amd64	1.26-1+b2
libgdk-pixbuf-2.0-0:amd64	2.44.7+dfsg-1
libgdk-pixbuf2.0-common	2.44.7+dfsg-1
libgirepository-2.0-0:amd64	2.88.3-2
libgl1-mesa-dri:amd64	26.1.5-1
libgl1:amd64	1.7.0-3+b1
libgles2:amd64	1.7.0-3+b1
libglib2.0-0t64:amd64	2.88.3-2
libglibmm-2.68-1t64:amd64	2.88.1-2
libglvnd0:amd64	1.7.0-3+b1
libglx-mesa0:amd64	26.1.5-1
libglx0:amd64	1.7.0-3+b1
libglycin-2-0:amd64	2.1.5+ds-2
libgme0:amd64	0.6.4-1+b1
libgmp10:amd64	2:6.3.0+dfsg-5+b2
libgnutls30t64:amd64	3.8.13-1
libgomp1:amd64	16.1.0-3
libgpg-error0:amd64	1.61-3
libgpgme45:amd64	2.1.2-1
libgpgmepp7:amd64	2.1.0-2
libgpm2:amd64	1.20.7-12+b2
libgraphene-1.0-0:amd64	1.10.8-5+b2
libgraphite2-3:amd64	1.3.15-2
libgsm1:amd64	1.0.24-1
libgssapi-krb5-2:amd64	1.22.1-3
libgssdp-1.6-0:amd64	1.6.6-1
libgstreamer-gl1.0-0:amd64	1.28.5-1
libgstreamer-plugins-bad1.0-0:amd64	1.28.5-2
libgstreamer-plugins-base1.0-0:amd64	1.28.5-1
libgstreamer1.0-0:amd64	1.28.5-1
libgtk-3-0t64:amd64	3.24.52-1
libgtk-3-common	3.24.52-1
libgtk-4-1:amd64	4.22.4+ds-1
libgtk-4-common	4.22.4+ds-1
libgtkmm-4.0-0:amd64	4.22.0-1
libgudev-1.0-0:amd64	238-7+b2
libgupnp-1.6-0:amd64	1.6.10-1
libgupnp-igd-1.6-0:amd64	1.6.0-5+b1
libharfbuzz-subset0:amd64	12.3.2-2+b2
libharfbuzz0b:amd64	12.3.2-2+b2
libheif-plugin-dav1d:amd64	1.23.1-1
libheif-plugin-libde265:amd64	1.23.1-1
libheif1:amd64	1.23.1-1
libhogweed6t64:amd64	3.10.2-1+b1
libhwy1t64:amd64	1.3.0-2+b1
libice6:amd64	2:1.1.1-1+b2
libicu78:amd64	78.3-2
libidn2-0:amd64	2.3.8-5
libiec61883-0:amd64	1.2.0-8
libimath-3-1-29t64:amd64	3.1.12-1+b7
libimobiledevice-1.0-6:amd64	1.4.0-1+b3
libimobiledevice-glue-1.0-0	1.3.2-2
libinih1:amd64	61-1+b2
libinireader0:amd64	61-1+b2
libinput-bin	1.31.3-1
libinput10:amd64	1.31.3-1
libjack-jackd2-0:amd64	1.9.22~dfsg-6
libjbig0:amd64	2.1-6.1+b3
libjpeg62-turbo:amd64	1:3.1.3-4
libjson-c5:amd64	0.19+ds-1
libjson-glib-1.0-0:amd64	1.10.8+ds-2+b1
libjson-glib-1.0-common	1.10.8+ds-2
libjxl0.11:amd64	0.11.2-5
libk5crypto3:amd64	1.22.1-3
libkeyutils1:amd64	1.6.3-6+b2
libkf6archive-data	6.28.0-1
libkf6archive6:amd64	6.28.0-1
libkf6attica6:amd64	6.28.0-1
libkf6baloo6:amd64	6.28.0-1
libkf6balooengine6:amd64	6.28.0-1
libkf6baloowidgets6:amd64	4:26.04.0-1
libkf6bookmarks-data	6.28.0-1
libkf6bookmarks6:amd64	6.28.0-1
libkf6bookmarkswidgets6:amd64	6.28.0-1
libkf6breezeicons6:amd64	6.28.0-2
libkf6codecs-data	6.28.0-1
libkf6codecs6:amd64	6.28.0-1
libkf6colorscheme-data	6.28.0-1
libkf6colorscheme6:amd64	6.28.0-1
libkf6completion-data	6.28.0-1
libkf6completion6:amd64	6.28.0-1
libkf6config-data	6.28.0-1
libkf6configcore6:amd64	6.28.0-1
libkf6configgui6:amd64	6.28.0-1
libkf6configwidgets-data	6.28.0-1
libkf6configwidgets6:amd64	6.28.0-1
libkf6coreaddons-data	6.28.0-2
libkf6coreaddons6:amd64	6.28.0-2
libkf6crash6:amd64	6.28.0-1
libkf6dbusaddons-data	6.28.0-1
libkf6dbusaddons6:amd64	6.28.0-1
libkf6doctools6:amd64	6.28.0-1
libkf6filemetadata-bin:amd64	6.28.0-1
libkf6filemetadata-data	6.28.0-1
libkf6filemetadata3:amd64	6.28.0-1
libkf6globalaccel-data	6.28.0-1
libkf6globalaccel6:amd64	6.28.0-1
libkf6guiaddons-data	6.28.0-1
libkf6guiaddons6:amd64	6.28.0-1
libkf6i18n-data	6.28.0-1
libkf6i18n6:amd64	6.28.0-1
libkf6i18nqml6:amd64	6.28.0-1
libkf6iconthemes-data	6.28.0-1
libkf6iconthemes6:amd64	6.28.0-1
libkf6iconwidgets6:amd64	6.28.0-1
libkf6idletime6:amd64	6.28.0-1
libkf6itemviews-data	6.28.0-1
libkf6itemviews6:amd64	6.28.0-1
libkf6jobwidgets-data	6.28.0-1
libkf6jobwidgets6:amd64	6.28.0-1
libkf6kcmutils-data	6.28.0-1
libkf6kcmutils6:amd64	6.28.0-1
libkf6kcmutilscore6:amd64	6.28.0-1
libkf6kcmutilsquick6:amd64	6.28.0-1
libkf6kiocore6:amd64	6.28.0-1
libkf6kiofilewidgets6:amd64	6.28.0-1
libkf6kiogui6:amd64	6.28.0-1
libkf6kiowidgets6:amd64	6.28.0-1
libkf6newstuff-data	6.28.0-1
libkf6newstuffcore6:amd64	6.28.0-1
libkf6newstuffwidgets6:amd64	6.28.0-1
libkf6notifications-data	6.28.0-1
libkf6notifications6:amd64	6.28.0-1
libkf6package-data	6.28.0-1
libkf6package6:amd64	6.28.0-1
libkf6parts-data	6.28.0-1
libkf6parts6:amd64	6.28.0-1
libkf6service-bin	6.28.0-1
libkf6service-data	6.28.0-1
libkf6service6:amd64	6.28.0-1
libkf6solid-data	6.28.0-1
libkf6solid6:amd64	6.28.0-1
libkf6sonnet-data	6.28.0-1
libkf6sonnetcore6:amd64	6.28.0-1
libkf6sonnetui6:amd64	6.28.0-1
libkf6syndication6:amd64	6.28.0-1
libkf6textwidgets-data	6.28.0-1
libkf6textwidgets6:amd64	6.28.0-1
libkf6userfeedback-data	6.28.0-1
libkf6userfeedbackcore6:amd64	6.28.0-1
libkf6userfeedbackwidgets6:amd64	6.28.0-1
libkf6wallet-data	6.28.0-1
libkf6wallet6:amd64	6.28.0-1
libkf6walletbackend6:amd64	6.28.0-1
libkf6widgetsaddons-data	6.28.0-1
libkf6widgetsaddons6:amd64	6.28.0-1
libkf6windowsystem-data	6.28.0-2
libkf6windowsystem6:amd64	6.28.0-2
libkf6xmlgui-data	6.28.0-1
libkf6xmlgui6:amd64	6.28.0-1
libkrb5-3:amd64	1.22.1-3
libkrb5support0:amd64	1.22.1-3
libksba8:amd64	1.8.0-3
liblc3-1:amd64	1.1.3+dfsg-1+b2
liblcms2-2:amd64	2.19.1-1
libldacbt-enc2:amd64	2.0.2.3+git20200429+ed310a0-5+b2
libldap2:amd64	2.6.13+dfsg-1+b1
liblerc4:amd64	4.2.0+ds-1
libliftoff0:amd64	0.5.0-1.1+b2
liblilv-0-0:amd64	0.28.0-2
libllvm21:amd64	1:21.1.8-10
liblmdb0:amd64	0.9.35-1
liblrdf0:amd64	0.6.1-5+b2
libltc11:amd64	1.3.2-1+b3
libltdl7:amd64	2.5.4-11
liblua5.5-0:amd64	5.5.0-5
liblz4-1:amd64	1.10.0-10
liblzma5:amd64	5.8.3-1
liblzo2-2:amd64	2.10-3+b2
libmd0:amd64	1.2.0-2
libmd4c0:amd64	0.5.3-1
libminizip1t64:amd64	1:1.3.dfsg+really1.3.2-3
libmjpegutils-2.2-0:amd64	1:2.2.1-3+b1
libmodplug1:amd64	1:0.8.9.0-3+b3
libmount1:amd64	2.42.2-2
libmp3lame0:amd64	4.0-1
libmpcdec6:amd64	2:0.1~r495-3+b2
libmpeg2encpp-2.2-0:amd64	1:2.2.1-3+b1
libmpg123-0t64:amd64	1.33.6-2
libmplex2-2.2-0:amd64	1:2.2.1-3+b1
libmtdev1t64:amd64	1.1.7-1+b2
libmysofa1:amd64	1.3.5+dfsg-1
libncurses6:amd64	6.6+20260608-2
libncursesw6:amd64	6.6+20260608-2
libneon27t64:amd64	0.37.1-1
libnettle8t64:amd64	3.10.2-1+b1
libnghttp2-14:amd64	1.69.0-1
libnghttp3-9:amd64	1.17.0-1
libngtcp2-16:amd64	1.24.0-1
libngtcp2-crypto-gnutls8:amd64	1.24.0-1
libngtcp2-crypto-ossl0:amd64	1.24.0-1
libnice10:amd64	0.1.23-2+b1
libnorm1t64:amd64	1.5.9+dfsg-4+b1
libnotify-bin	0.8.8-1+b1
libnotify4:amd64	0.8.8-1+b1
libnpth0t64:amd64	1.8-3+b2
libnspr4:amd64	2:4.39-1
libnss3:amd64	2:3.126-1
libntlm0:amd64	1.8-6+b2
libnuma1:amd64	2.0.19-1+b2
liboeffis1:amd64	1.5.0-3+b1
libogg0:amd64	1.3.6-2+b1
libonnx1l:amd64	1.20.0-6
libonnxruntime-providers:amd64	1.23.2+dfsg-6+b5
libonnxruntime1.23:amd64	1.23.2+dfsg-6+b5
libopenal-data	1:1.25.2-1
libopenal1:amd64	1:1.25.2-1
libopencore-amrnb0:amd64	0.1.6-1+b3
libopencore-amrwb0:amd64	0.1.6-1+b3
libopenexr-3-4-33:amd64	3.4.6+ds-4+b2
libopenfec1:amd64	1.4.2.12+dfsg-1+b2
libopengl0:amd64	1.7.0-3+b1
libopenh264-8:amd64	2.6.0+dfsg-2+b2
libopenjp2-7:amd64	2.5.4-1.1
libopenjph0.28:amd64	0.28.1-1
libopenmpt0t64:amd64	0.8.7-1
libopenni2-0:amd64	2.2.0.33+dfsg-19+b1
libopus0:amd64	1.6.1-1+b1
liborc-0.4-0t64:amd64	1:0.4.42-4
libp11-kit0:amd64	0.26.4-1
libpackagekitqt6-2:amd64	1.1.4-1+b1
libpam-modules-bin	1.7.0-8
libpam-modules:amd64	1.7.0-8
libpam-runtime	1.7.0-8
libpam-systemd:amd64	261.2-1
libpam0g:amd64	1.7.0-8
libpango-1.0-0:amd64	1.58.0-1
libpangocairo-1.0-0:amd64	1.58.0-1
libpangoft2-1.0-0:amd64	1.58.0-1
libpangomm-2.48-1t64:amd64	2.56.2-1
libpciaccess0:amd64	0.19-2
libpcre2-16-0:amd64	10.46-1+b2
libpcre2-8-0:amd64	10.46-1+b2
libpgm-5.3-0t64:amd64	5.3.128~dfsg-3
libpipeline1:amd64	1.5.8-3
libpipewire-0.3-0t64:amd64	1.6.8-1
libpipewire-0.3-modules:amd64	1.6.8-1
libpixman-1-0:amd64	0.46.4-1+b2
libplacebo360:amd64	7.360.1-1
libplist-2.0-4:amd64	2.7.0+git20250820-1+b2
libpng16-16t64:amd64	1.6.58-1
libpolkit-agent-1-0:amd64	127-3
libpolkit-gobject-1-0:amd64	127-3
libpoppler-qt6-3t64:amd64	26.01.0-5
libpoppler156:amd64	26.01.0-5
libproc2-1:amd64	2:4.0.6-3
libprotobuf-lite32t64:amd64	3.21.12-16
libprotobuf32t64:amd64	3.21.12-16
libproxy1v5:amd64	0.5.12-1+b1
libpsl5t64:amd64	0.23.1-1
libpthreadpool0:amd64	0.0~git20251020.0e6ca13-1.1
libpulse-mainloop-glib0:amd64	17.0+dfsg1-2.1+b2
libpulse0:amd64	17.0+dfsg1-2.1+b2
libpython3-stdlib:amd64	3.14.6-1
libpython3.14-minimal:amd64	3.14.6-1
libpython3.14-stdlib:amd64	3.14.6-1
libqca-qt6-2:amd64	2.3.10-3
libqca-qt6-plugins:amd64	2.3.10-3
libqmobipocket6-3:amd64	4:26.04.0-2
libqrencode4:amd64	4.1.1-2+b2
libqt6core5compat6:amd64	6.10.2-4
libqt6core6t64:amd64	6.10.2+dfsg-15
libqt6dbus6:amd64	6.10.2+dfsg-15
libqt6gui6:amd64	6.10.2+dfsg-15
libqt6multimedia6:amd64	6.10.2-4
libqt6multimediawidgets6:amd64	6.10.2-4
libqt6network6:amd64	6.10.2+dfsg-15
libqt6opengl6:amd64	6.10.2+dfsg-15
libqt6printsupport6:amd64	6.10.2+dfsg-15
libqt6qml6:amd64	6.10.2+dfsg-6
libqt6qmlmeta6:amd64	6.10.2+dfsg-6
libqt6qmlmodels6:amd64	6.10.2+dfsg-6
libqt6qmlworkerscript6:amd64	6.10.2+dfsg-6
libqt6quick6:amd64	6.10.2+dfsg-6
libqt6quickwidgets6:amd64	6.10.2+dfsg-6
libqt6svg6:amd64	6.10.2-9
libqt6texttospeech6:amd64	6.10.2-3
libqt6waylandclient6:amd64	6.10.2+dfsg-15
libqt6waylandcompositor6:amd64	6.10.2-5
libqt6widgets6:amd64	6.10.2+dfsg-15
libqt6wlshellintegration6:amd64	6.10.2+dfsg-15
libqt6xml6:amd64	6.10.2+dfsg-15
librabbitmq4:amd64	0.17.0-1
libraptor2-0:amd64	2.0.16-7
librav1e0.8:amd64	0.8.1-11
libraw1394-11:amd64	2.1.2-2.1
libre2-11:amd64	20251105-1+b1
libreadline8t64:amd64	8.3-4
librist4:amd64	0.2.20+dfsg-1
libroc0.4:amd64	0.4.0+dfsg-6
librsvg2-2:amd64	2.62.1+dfsg-1
librtmp1:amd64	2.6-1
librubberband3:amd64	4.0.0+dfsg-2
libsamplerate0:amd64	0.2.2-4+b3
libsasl2-2:amd64	2.1.28+dfsg1-11
libsasl2-modules-db:amd64	2.1.28+dfsg1-11
libsbc1:amd64	2.1-1+b2
libsdl2-2.0-0:amd64	2.32.70+ds-1
libsdl3-0:amd64	3.4.12+ds-1
libseat1:amd64	0.9.3-1
libseccomp2:amd64	2.6.1-1
libsecret-1-0:amd64	0.21.7-2+b1
libsecret-common	0.21.7-2
libselinux1:amd64	3.11-2
libsemanage-common	3.11-1
libsemanage2:amd64	3.11-1
libsensors-config	1:3.6.2-2
libsensors5:amd64	1:3.6.2-2+b2
libsepol2:amd64	3.11-1
libserd-0-0:amd64	0.32.10-2
libsharpyuv0:amd64	1.5.0-0.1+b2
libshine3:amd64	3.1.1-4
libshout3:amd64	2.4.6-1+b6
libsigc++-3.0-0:amd64	3.6.0-3
libslang2:amd64	2.3.3-6
libsm6:amd64	2:1.2.6-1+b2
libsmartcols1:amd64	2.42.2-2
libsnappy1v5:amd64	1.2.2-2+b2
libsndfile1:amd64	1.2.2-4+b1
libsodium26:amd64	1.0.22-2
libsord-0-0:amd64	0.16.22-1
libsoundtouch1:amd64	2.4.1+ds-1
libsoup-3.0-0:amd64	3.6.6-1
libsoup-3.0-common	3.6.6-1
libsoxr0:amd64	0.1.3-4.1+b1
libspa-0.2-modules:amd64	1.6.8-1
libspandsp2t64:amd64	0.0.6+dfsg-2.2+b2
libspeex1:amd64	1.2.1-3+b2
libspeexdsp1:amd64	1.2.1-4
libsqlite3-0:amd64	3.53.4-2
libsquashfuse0:amd64	0.5.2-0.3+b1
libsratom-0-0:amd64	0.6.22-1
libsrt1.5-gnutls:amd64	1.5.6-1
libsrtp2-1:amd64	2.8.0+ds-1
libssh-4:amd64	0.12.2-1
libssh2-1t64:amd64	1.11.1-5
libssl3t64:amd64	3.6.3-1
libstartup-notification0:amd64	0.12-8+b2
libstdc++6:amd64	16.1.0-3
libsvtav1enc4:amd64	4.1.0+dfsg-1
libswresample6:amd64	7:8.1.2-2+b1
libswscale9:amd64	7:8.1.2-2+b1
libsystemd-shared:amd64	261.2-1
libsystemd0:amd64	261.2-1
libtag2:amd64	2.3.1-2
libtasn1-6:amd64	4.21.0-2+b1
libtdb1:amd64	2:1.4.15+samba4.24.5+dfsg-1
libtensorflow-lite2.14.1:amd64	2.14.1+dfsg-3.1+b1
libthai-data	0.1.30-3
libthai0:amd64	0.1.30-3
libtheora1:amd64	1.2.0+dfsg-6+b2
libtheoradec2:amd64	1.2.0+dfsg-6+b2
libtheoraenc2:amd64	1.2.0+dfsg-6+b2
libthunarx-3-0:amd64	4.20.9-1
libtiff6:amd64	4.7.2-1
libtinfo6:amd64	6.6+20260608-2
libtirpc-common	1.3.7+ds-1
libtirpc3t64:amd64	1.3.7+ds-1
libts0t64:amd64	1.22-1.1+b2
libtwolame0:amd64	0.4.0-3
libuchardet0:amd64	0.0.8-2+b2
libudev1:amd64	261.2-1
libudfread3:amd64	1.2.0-3
libunibreak7:amd64	7.0-2
libunistring5:amd64	1.4.2-1
libusb-1.0-0:amd64	2:1.0.30-1
libusbmuxd-2.0-7:amd64	2.1.1-1+b1
libutf8proc3:amd64	2.11.3-2
libuuid1:amd64	2.42.2-2
libuv1t64:amd64	1.52.1-4
libv4l-0t64:amd64	1.32.0-5
libv4lconvert0t64:amd64	1.32.0-5
libva-drm2:amd64	2.24.1-2
libva-x11-2:amd64	2.24.1-2
libva2:amd64	2.24.1-2
libvdpau1:amd64	1.5-4+b1
libvidstab1.2:amd64	1.1.1-4
libvisual-0.4-0:amd64	0.4.2-5
libvo-aacenc0:amd64	0.1.3-3+b2
libvo-amrwbenc0:amd64	0.1.3-2+b3
libvorbis0a:amd64	1.3.7-3+b2
libvorbisenc2:amd64	1.3.7-3+b2
libvorbisfile3:amd64	1.3.7-3+b2
libvpl2	1:2.16.0-1
libvpx12:amd64	1.16.0-3
libvulkan1:amd64	1.4.341.0-1
libwacom-common	2.18.0-1
libwacom9:amd64	2.18.0-1
libwavpack1:amd64	5.9.0-2
libwayland-client0:amd64	1.26.0-1
libwayland-cursor0:amd64	1.26.0-1
libwayland-egl1:amd64	1.26.0-1
libwayland-server0:amd64	1.26.0-1
libwebp7:amd64	1.5.0-0.1+b2
libwebpmux3:amd64	1.5.0-0.1+b2
libwebrtc-audio-processing-1-3:amd64	1.3-3+b3
libwildmidi2:amd64	0.4.6-1+b2
libwireplumber-0.5-0:amd64	0.5.15-1
libwlroots-0.20:amd64	0.20.1-1
libx11-6:amd64	2:1.8.13-1
libx11-data	2:1.8.13-1
libx11-xcb1:amd64	2:1.8.13-1
libx264-165:amd64	2:0.165.3223+git20250910.0480cb0-1
libx265-216:amd64	4.2-3
libxau6:amd64	1:1.0.11-1+b2
libxaw7:amd64	2:1.0.16-1+b2
libxcb-composite0:amd64	1.17.0-2+b2
libxcb-cursor0:amd64	0.1.6-1
libxcb-damage0:amd64	1.17.0-2+b2
libxcb-dri3-0:amd64	1.17.0-2+b2
libxcb-errors0:amd64	1.0.1-4+b2
libxcb-ewmh2:amd64	0.4.2-1+b2
libxcb-glx0:amd64	1.17.0-2+b2
libxcb-icccm4:amd64	0.4.2-1+b2
libxcb-image0:amd64	0.4.0-2+b3
libxcb-keysyms1:amd64	0.4.1-1+b2
libxcb-present0:amd64	1.17.0-2+b2
libxcb-randr0:amd64	1.17.0-2+b2
libxcb-render-util0:amd64	0.3.10-1+b2
libxcb-render0:amd64	1.17.0-2+b2
libxcb-res0:amd64	1.17.0-2+b2
libxcb-shape0:amd64	1.17.0-2+b2
libxcb-shm0:amd64	1.17.0-2+b2
libxcb-sync1:amd64	1.17.0-2+b2
libxcb-util1:amd64	0.4.1-1+b2
libxcb-xfixes0:amd64	1.17.0-2+b2
libxcb-xinput0:amd64	1.17.0-2+b2
libxcb-xkb1:amd64	1.17.0-2+b2
libxcb1:amd64	1.17.0-2+b2
libxcomposite1:amd64	1:0.4.6-1+b2
libxcursor1:amd64	1:1.2.3-1+b2
libxcvt0:amd64	0.1.3-1+b2
libxdamage1:amd64	1:1.1.7-1+b1
libxdgutilsbasedir1.0.1:amd64	1.0.1-3.2+b1
libxdgutilsdesktopentry1.0.1:amd64	1.0.1-3.2+b1
libxdmcp6:amd64	1:1.1.5-2+b1
libxext6:amd64	2:1.3.4-1+b4
libxfce4ui-2-0:amd64	4.20.2-2
libxfce4ui-common	4.20.2-2
libxfce4util-common	4.20.1-2
libxfce4util7:amd64	4.20.1-2
libxfconf-0-3:amd64	4.20.0-2
libxfixes3:amd64	1:6.0.0-2+b5
libxfont2:amd64	1:2.0.8-1
libxft2:amd64	2.3.6-1+b5
libxi6:amd64	2:1.8.2-2+b1
libxinerama1:amd64	2:1.1.4-3+b5
libxkbcommon-x11-0:amd64	1.13.1-1
libxkbcommon0:amd64	1.13.1-1
libxkbfile1:amd64	1:1.1.0-1+b5
libxml2-16:amd64	2.15.3+dfsg-1
libxmu6:amd64	2:1.1.3-4+b1
libxmuu1:amd64	2:1.1.3-4+b1
libxnnpack0.20241108:amd64	0.0~git20241108.4ea82e5-2+b1
libxnvctrl0:amd64	535.171.04-1+b3
libxpm4:amd64	1:3.5.19-1
libxrandr2:amd64	2:1.5.4-1+b4
libxrender1:amd64	1:0.9.12-1+b2
libxres1:amd64	2:1.2.1-2
libxshmfence1:amd64	1.3.3-1+b2
libxslt1.1:amd64	1.1.45-0.1
libxss1:amd64	1:1.2.3-1+b4
libxt6t64:amd64	1:1.2.1-1.3+b2
libxtst6:amd64	2:1.2.5-1+b2
libxv1:amd64	2:1.0.13-1+b1
libxvidcore4:amd64	2:1.3.7-3+b2
libxxf86dga1:amd64	2:1.1.5-1+b4
libxxf86vm1:amd64	1:1.1.4-2+b1
libxxhash0:amd64	0.8.3-2+b2
libyajl2:amd64	2.1.0-7
libz3-4:amd64	4.13.3-1.1
libzbar0t64:amd64	0.23.93-9+b4
libzimg2:amd64	3.0.6+ds1-2
libzix-0-0:amd64	0.8.2-1
libzmq5:amd64	4.3.5-1+b7
libzstd1:amd64	1.5.7+dfsg-4
libzvbi-common	0.2.44-2
libzvbi0t64:amd64	0.2.44-2
libzxing4:amd64	3.1.1+ds-1
login	1:4.16.0-2+really2.42.2-2
login.defs	1:4.19.3-2
mako-notifier	1.11.0-1
man-db	2.13.1-1
mawk	1.3.4.20260302-1
media-types	14.0.0
mesa-libgallium:amd64	26.1.5-1
mesa-utils	9.0.0-2+b3
mesa-utils-bin:amd64	9.0.0-2+b3
mesa-vulkan-drivers:amd64	26.1.5-1
mount	2.42.2-2
ncurses-base	6.6+20260608-2
ncurses-bin	6.6+20260608-2
ncurses-term	6.6+20260608-2
netbase	6.5
ocl-icd-libopencl1:amd64	2.3.4-1+b1
openssh-client	1:10.4p1-4
openssh-common	1:10.4p1-4
openssl	3.6.3-1
openssl-provider-legacy	3.6.3-1
passwd	1:4.19.3-2
pavucontrol	6.1-1
pci.ids	0.0~2026.07.21-1
perl-base	5.42.2-3
pinentry-curses	1.3.3-2
pipewire-alsa:amd64	1.6.8-1
pipewire-bin	1.6.8-1
pipewire-pulse	1.6.8-1
pipewire:amd64	1.6.8-1
pkexec	127-3
polkitd	127-3
procps	2:4.0.6-3
python3	3.14.6-1
python3-gi	3.56.3-2
python3-minimal	3.14.6-1
python3-pyatspi	2.58.1-1
python3.14	3.14.6-1
python3.14-minimal	3.14.6-1
qt6-gtk-platformtheme:amd64	6.10.2+dfsg-15
qt6-svg-plugins:amd64	6.10.2-9
qt6-wayland:amd64	6.10.2-5
readline-common	8.3-4
sed	4.9-3
sgml-base	1.31+nmu1
shared-mime-info	2.4-5+b3
slurp	1.6.0really1.5.0-1
sound-theme-freedesktop	0.8-7
sqv	1.4.0-1
sudo	1.9.17p2-7
systemd	261.2-1
systemd-sysv	261.2-1
sysvinit-utils	3.18-1
tar	1.35+dfsg-4
thunar	4.20.9-1
thunar-data	4.20.9-1
timgm6mb-soundfont	1.3-5
tzdata	2026c-1
user-session-migration	0.5.2
util-linux	2.42.2-2
vulkan-tools	1.4.341.0+dfsg1-1
wireplumber	0.5.15-1
wlr-randr	0.4.1-1
wtype	0.4-3
x11-apps	7.7+11+b1
x11-common	1:7.7+26
x11-utils	7.7+7
x11-xkb-utils	7.7+9
xdg-desktop-portal	1.22.1+ds-1
xdg-desktop-portal-gtk	1.15.3-2
xdg-desktop-portal-wlr	0.8.4-1
xdg-utils	1.2.1-2
xfconf	4.20.0-2
xkb-data	2.47-1
xml-core	0.21
xserver-common	2:21.1.23-1
xwayland	2:24.1.12-1
zlib1g:amd64	1:1.3.dfsg+really1.3.2-3
